home_geo_id,work_geo_id,commuter_count,net_commute_flow,data_year,source
2.40276E+11,1,586,-826,2022,LEHD LODES8 OD
2.40276E+11,10,6,-826,2022,LEHD LODES8 OD
2.40276E+11,11,18,-826,2022,LEHD LODES8 OD
2.40276E+11,2,126,-826,2022,LEHD LODES8 OD
2.40276E+11,3,43,-826,2022,LEHD LODES8 OD
2.40276E+11,4,2,-826,2022,LEHD LODES8 OD
2.40276E+11,5,23,-826,2022,LEHD LODES8 OD
2.40276E+11,6,0,-826,2022,LEHD LODES8 OD
2.40276E+11,7,20,-826,2022,LEHD LODES8 OD
2.40276E+11,8,2,-826,2022,LEHD LODES8 OD
2.40276E+11,1,380,-492,2022,LEHD LODES8 OD
2.40276E+11,2,62,-492,2022,LEHD LODES8 OD
2.40276E+11,3,10,-492,2022,LEHD LODES8 OD
2.40276E+11,4,24,-492,2022,LEHD LODES8 OD
2.40276E+11,5,4,-492,2022,LEHD LODES8 OD
2.40276E+11,6,8,-492,2022,LEHD LODES8 OD
2.40276E+11,7,4,-492,2022,LEHD LODES8 OD
2.40276E+11,1,428,-530,2022,LEHD LODES8 OD
2.40276E+11,2,58,-530,2022,LEHD LODES8 OD
2.40276E+11,3,16,-530,2022,LEHD LODES8 OD
2.40276E+11,4,4,-530,2022,LEHD LODES8 OD
2.40276E+11,5,2,-530,2022,LEHD LODES8 OD
2.40276E+11,6,16,-530,2022,LEHD LODES8 OD
2.40276E+11,7,4,-530,2022,LEHD LODES8 OD
2.40276E+11,8,2,-530,2022,LEHD LODES8 OD
2.40276E+11,1,944,-1137,2022,LEHD LODES8 OD
2.40276E+11,2,142,-1137,2022,LEHD LODES8 OD
2.40276E+11,3,41,-1137,2022,LEHD LODES8 OD
2.40276E+11,4,4,-1137,2022,LEHD LODES8 OD
2.40276E+11,5,6,-1137,2022,LEHD LODES8 OD
2.40276E+11,6,0,-1137,2022,LEHD LODES8 OD
2.40276E+11,7,0,-1137,2022,LEHD LODES8 OD
2.40276E+11,1,584,-622,2022,LEHD LODES8 OD
2.40276E+11,2,34,-622,2022,LEHD LODES8 OD
2.40276E+11,3,4,-622,2022,LEHD LODES8 OD
2.40276E+11,4,0,-622,2022,LEHD LODES8 OD
2.40276E+11,5,0,-622,2022,LEHD LODES8 OD
2.40276E+11,8,0,-622,2022,LEHD LODES8 OD
2.40276E+11,1,700,-872,2022,LEHD LODES8 OD
2.40276E+11,2,121,-872,2022,LEHD LODES8 OD
2.40276E+11,3,47,-872,2022,LEHD LODES8 OD
2.40276E+11,4,4,-872,2022,LEHD LODES8 OD
2.40276E+11,5,0,-872,2022,LEHD LODES8 OD
2.40276E+11,8,0,-872,2022,LEHD LODES8 OD
2.40276E+11,1,556,-709,2022,LEHD LODES8 OD
2.40276E+11,2,101,-709,2022,LEHD LODES8 OD
2.40276E+11,3,14,-709,2022,LEHD LODES8 OD
2.40276E+11,4,5,-709,2022,LEHD LODES8 OD
2.40276E+11,5,5,-709,2022,LEHD LODES8 OD
2.40276E+11,6,12,-709,2022,LEHD LODES8 OD
2.40276E+11,8,16,-709,2022,LEHD LODES8 OD
2.40276E+11,1,880,-1015,2022,LEHD LODES8 OD
2.40276E+11,11,1,-1015,2022,LEHD LODES8 OD
2.40276E+11,12,2,-1015,2022,LEHD LODES8 OD
2.40276E+11,2,94,-1015,2022,LEHD LODES8 OD
2.40276E+11,3,10,-1015,2022,LEHD LODES8 OD
2.40276E+11,4,17,-1015,2022,LEHD LODES8 OD
2.40276E+11,5,5,-1015,2022,LEHD LODES8 OD
2.40276E+11,6,0,-1015,2022,LEHD LODES8 OD
2.40276E+11,7,5,-1015,2022,LEHD LODES8 OD
2.40276E+11,9,1,-1015,2022,LEHD LODES8 OD
2.40276E+11,1,424,-519,2022,LEHD LODES8 OD
2.40276E+11,2,55,-519,2022,LEHD LODES8 OD
2.40276E+11,3,10,-519,2022,LEHD LODES8 OD
2.40276E+11,4,24,-519,2022,LEHD LODES8 OD
2.40276E+11,5,4,-519,2022,LEHD LODES8 OD
2.40276E+11,6,2,-519,2022,LEHD LODES8 OD
2.40276E+11,7,0,-519,2022,LEHD LODES8 OD
2.40276E+11,1,524,-732,2022,LEHD LODES8 OD
2.40276E+11,10,16,-732,2022,LEHD LODES8 OD
2.40276E+11,2,115,-732,2022,LEHD LODES8 OD
2.40276E+11,3,47,-732,2022,LEHD LODES8 OD
2.40276E+11,4,6,-732,2022,LEHD LODES8 OD
2.40276E+11,5,24,-732,2022,LEHD LODES8 OD
2.40276E+11,6,0,-732,2022,LEHD LODES8 OD
2.40276E+11,7,0,-732,2022,LEHD LODES8 OD
2.40276E+11,1,576,-790,2022,LEHD LODES8 OD
2.40276E+11,2,144,-790,2022,LEHD LODES8 OD
2.40276E+11,3,36,-790,2022,LEHD LODES8 OD
2.40276E+11,4,14,-790,2022,LEHD LODES8 OD
2.40276E+11,5,0,-790,2022,LEHD LODES8 OD
2.40276E+11,7,8,-790,2022,LEHD LODES8 OD
2.40276E+11,9,12,-790,2022,LEHD LODES8 OD
2.40276E+11,1,760,-945,2022,LEHD LODES8 OD
2.40276E+11,2,91,-945,2022,LEHD LODES8 OD
2.40276E+11,3,36,-945,2022,LEHD LODES8 OD
2.40276E+11,4,10,-945,2022,LEHD LODES8 OD
2.40276E+11,5,20,-945,2022,LEHD LODES8 OD
2.40276E+11,6,0,-945,2022,LEHD LODES8 OD
2.40276E+11,7,20,-945,2022,LEHD LODES8 OD
2.40276E+11,8,4,-945,2022,LEHD LODES8 OD
2.40276E+11,9,4,-945,2022,LEHD LODES8 OD
2.40276E+11,1,1412,-1587,2022,LEHD LODES8 OD
2.40276E+11,2,112,-1587,2022,LEHD LODES8 OD
2.40276E+11,3,39,-1587,2022,LEHD LODES8 OD
2.40276E+11,4,22,-1587,2022,LEHD LODES8 OD
2.40276E+11,5,2,-1587,2022,LEHD LODES8 OD
2.40276E+11,7,0,-1587,2022,LEHD LODES8 OD
2.40276E+11,1,1171,-1335,2022,LEHD LODES8 OD
2.40276E+11,2,108,-1335,2022,LEHD LODES8 OD
2.40276E+11,3,16,-1335,2022,LEHD LODES8 OD
2.40276E+11,4,8,-1335,2022,LEHD LODES8 OD
2.40276E+11,5,20,-1335,2022,LEHD LODES8 OD
2.40276E+11,6,12,-1335,2022,LEHD LODES8 OD
2.40276E+11,1,423,-498,2022,LEHD LODES8 OD
2.40276E+11,2,43,-498,2022,LEHD LODES8 OD
2.40276E+11,3,12,-498,2022,LEHD LODES8 OD
2.40276E+11,4,10,-498,2022,LEHD LODES8 OD
2.40276E+11,5,6,-498,2022,LEHD LODES8 OD
2.40276E+11,6,4,-498,2022,LEHD LODES8 OD
2.40276E+11,1,500,-702,2022,LEHD LODES8 OD
2.40276E+11,12,2,-702,2022,LEHD LODES8 OD
2.40276E+11,2,126,-702,2022,LEHD LODES8 OD
2.40276E+11,3,32,-702,2022,LEHD LODES8 OD
2.40276E+11,4,16,-702,2022,LEHD LODES8 OD
2.40276E+11,5,10,-702,2022,LEHD LODES8 OD
2.40276E+11,6,4,-702,2022,LEHD LODES8 OD
2.40276E+11,7,12,-702,2022,LEHD LODES8 OD
2.40276E+11,1,335,-363,2022,LEHD LODES8 OD
2.40276E+11,2,20,-363,2022,LEHD LODES8 OD
2.40276E+11,3,8,-363,2022,LEHD LODES8 OD
2.40276E+11,1,400,-478,2022,LEHD LODES8 OD
2.40276E+11,2,62,-478,2022,LEHD LODES8 OD
2.40276E+11,3,16,-478,2022,LEHD LODES8 OD
2.40276E+11,4,0,-478,2022,LEHD LODES8 OD
2.40276E+11,1,275,-458,2022,LEHD LODES8 OD
2.40276E+11,12,6,-458,2022,LEHD LODES8 OD
2.40276E+11,13,18,-458,2022,LEHD LODES8 OD
2.40276E+11,2,81,-458,2022,LEHD LODES8 OD
2.40276E+11,3,22,-458,2022,LEHD LODES8 OD
2.40276E+11,4,32,-458,2022,LEHD LODES8 OD
2.40276E+11,5,12,-458,2022,LEHD LODES8 OD
2.40276E+11,6,12,-458,2022,LEHD LODES8 OD
2.40276E+11,7,0,-458,2022,LEHD LODES8 OD
2.40276E+11,1,330,-412,2022,LEHD LODES8 OD
2.40276E+11,2,44,-412,2022,LEHD LODES8 OD
2.40276E+11,3,26,-412,2022,LEHD LODES8 OD
2.40276E+11,4,8,-412,2022,LEHD LODES8 OD
2.40276E+11,6,0,-412,2022,LEHD LODES8 OD
2.40276E+11,7,4,-412,2022,LEHD LODES8 OD
2.40276E+11,1,611,-708,2022,LEHD LODES8 OD
2.40276E+11,2,43,-708,2022,LEHD LODES8 OD
2.40276E+11,3,18,-708,2022,LEHD LODES8 OD
2.40276E+11,4,22,-708,2022,LEHD LODES8 OD
2.40276E+11,5,6,-708,2022,LEHD LODES8 OD
2.40276E+11,6,8,-708,2022,LEHD LODES8 OD
2.40276E+11,1,595,-701,2022,LEHD LODES8 OD
2.40276E+11,2,80,-701,2022,LEHD LODES8 OD
2.40276E+11,3,8,-701,2022,LEHD LODES8 OD
2.40276E+11,4,6,-701,2022,LEHD LODES8 OD
2.40276E+11,5,0,-701,2022,LEHD LODES8 OD
2.40276E+11,6,12,-701,2022,LEHD LODES8 OD
2.40276E+11,1,347,-417,2022,LEHD LODES8 OD
2.40276E+11,2,64,-417,2022,LEHD LODES8 OD
2.40276E+11,3,2,-417,2022,LEHD LODES8 OD
2.40276E+11,4,4,-417,2022,LEHD LODES8 OD
2.40276E+11,6,0,-417,2022,LEHD LODES8 OD
2.40276E+11,7,0,-417,2022,LEHD LODES8 OD
2.40276E+11,8,0,-417,2022,LEHD LODES8 OD
2.40276E+11,1,581,-701,2022,LEHD LODES8 OD
2.40276E+11,10,0,-701,2022,LEHD LODES8 OD
2.40276E+11,13,0,-701,2022,LEHD LODES8 OD
2.40276E+11,2,78,-701,2022,LEHD LODES8 OD
2.40276E+11,3,29,-701,2022,LEHD LODES8 OD
2.40276E+11,4,8,-701,2022,LEHD LODES8 OD
2.40276E+11,5,1,-701,2022,LEHD LODES8 OD
2.40276E+11,7,4,-701,2022,LEHD LODES8 OD
2.40276E+11,9,0,-701,2022,LEHD LODES8 OD
2.40276E+11,1,337,-379,2022,LEHD LODES8 OD
2.40276E+11,2,16,-379,2022,LEHD LODES8 OD
2.40276E+11,3,22,-379,2022,LEHD LODES8 OD
2.40276E+11,4,3,-379,2022,LEHD LODES8 OD
2.40276E+11,5,1,-379,2022,LEHD LODES8 OD
2.40276E+11,6,0,-379,2022,LEHD LODES8 OD
2.40276E+11,1,498,-623,2022,LEHD LODES8 OD
2.40276E+11,10,1,-623,2022,LEHD LODES8 OD
2.40276E+11,11,1,-623,2022,LEHD LODES8 OD
2.40276E+11,15,0,-623,2022,LEHD LODES8 OD
2.40276E+11,2,62,-623,2022,LEHD LODES8 OD
2.40276E+11,3,23,-623,2022,LEHD LODES8 OD
2.40276E+11,4,12,-623,2022,LEHD LODES8 OD
2.40276E+11,5,6,-623,2022,LEHD LODES8 OD
2.40276E+11,6,16,-623,2022,LEHD LODES8 OD
2.40276E+11,8,4,-623,2022,LEHD LODES8 OD
2.40276E+11,1,210,-285,2022,LEHD LODES8 OD
2.40276E+11,13,4,-285,2022,LEHD LODES8 OD
2.40276E+11,2,27,-285,2022,LEHD LODES8 OD
2.40276E+11,3,32,-285,2022,LEHD LODES8 OD
2.40276E+11,4,0,-285,2022,LEHD LODES8 OD
2.40276E+11,5,0,-285,2022,LEHD LODES8 OD
2.40276E+11,6,12,-285,2022,LEHD LODES8 OD
2.40276E+11,7,0,-285,2022,LEHD LODES8 OD
2.40276E+11,8,0,-285,2022,LEHD LODES8 OD
2.40276E+11,1,626,-868,2022,LEHD LODES8 OD
2.40276E+11,10,6,-868,2022,LEHD LODES8 OD
2.40276E+11,11,2,-868,2022,LEHD LODES8 OD
2.40276E+11,12,6,-868,2022,LEHD LODES8 OD
2.40276E+11,14,0,-868,2022,LEHD LODES8 OD
2.40276E+11,16,0,-868,2022,LEHD LODES8 OD
2.40276E+11,18,0,-868,2022,LEHD LODES8 OD
2.40276E+11,2,74,-868,2022,LEHD LODES8 OD
2.40276E+11,3,38,-868,2022,LEHD LODES8 OD
2.40276E+11,4,52,-868,2022,LEHD LODES8 OD
2.40276E+11,5,16,-868,2022,LEHD LODES8 OD
2.40276E+11,6,24,-868,2022,LEHD LODES8 OD
2.40276E+11,7,10,-868,2022,LEHD LODES8 OD
2.40276E+11,8,10,-868,2022,LEHD LODES8 OD
2.40276E+11,9,4,-868,2022,LEHD LODES8 OD
2.40276E+11,1,290,-328,2022,LEHD LODES8 OD
2.40276E+11,2,22,-328,2022,LEHD LODES8 OD
2.40276E+11,3,0,-328,2022,LEHD LODES8 OD
2.40276E+11,4,16,-328,2022,LEHD LODES8 OD
2.40276E+11,5,0,-328,2022,LEHD LODES8 OD
2.40276E+11,9,0,-328,2022,LEHD LODES8 OD
2.40276E+11,1,369,-443,2022,LEHD LODES8 OD
2.40276E+11,2,34,-443,2022,LEHD LODES8 OD
2.40276E+11,3,10,-443,2022,LEHD LODES8 OD
2.40276E+11,4,12,-443,2022,LEHD LODES8 OD
2.40276E+11,5,8,-443,2022,LEHD LODES8 OD
2.40276E+11,6,2,-443,2022,LEHD LODES8 OD
2.40276E+11,7,8,-443,2022,LEHD LODES8 OD
2.40276E+11,1,314,-426,2022,LEHD LODES8 OD
2.40276E+11,2,84,-426,2022,LEHD LODES8 OD
2.40276E+11,3,18,-426,2022,LEHD LODES8 OD
2.40276E+11,4,8,-426,2022,LEHD LODES8 OD
2.40276E+11,5,2,-426,2022,LEHD LODES8 OD
2.40276E+11,6,0,-426,2022,LEHD LODES8 OD
2.40276E+11,8,0,-426,2022,LEHD LODES8 OD
2.40276E+11,9,0,-426,2022,LEHD LODES8 OD
2.40276E+11,1,305,-317,2022,LEHD LODES8 OD
2.40276E+11,2,12,-317,2022,LEHD LODES8 OD
2.40276E+11,3,0,-317,2022,LEHD LODES8 OD
2.40276E+11,4,0,-317,2022,LEHD LODES8 OD
2.40276E+11,5,0,-317,2022,LEHD LODES8 OD
2.40276E+11,1,212,-250,2022,LEHD LODES8 OD
2.40276E+11,2,24,-250,2022,LEHD LODES8 OD
2.40276E+11,3,14,-250,2022,LEHD LODES8 OD
2.40276E+11,1,506,-721,2022,LEHD LODES8 OD
2.40276E+11,10,1,-721,2022,LEHD LODES8 OD
2.40276E+11,11,0,-721,2022,LEHD LODES8 OD
2.40276E+11,2,124,-721,2022,LEHD LODES8 OD
2.40276E+11,3,18,-721,2022,LEHD LODES8 OD
2.40276E+11,4,16,-721,2022,LEHD LODES8 OD
2.40276E+11,5,4,-721,2022,LEHD LODES8 OD
2.40276E+11,6,9,-721,2022,LEHD LODES8 OD
2.40276E+11,7,12,-721,2022,LEHD LODES8 OD
2.40276E+11,8,26,-721,2022,LEHD LODES8 OD
2.40276E+11,9,5,-721,2022,LEHD LODES8 OD
2.40276E+11,1,212,-282,2022,LEHD LODES8 OD
2.40276E+11,2,34,-282,2022,LEHD LODES8 OD
2.40276E+11,3,14,-282,2022,LEHD LODES8 OD
2.40276E+11,4,1,-282,2022,LEHD LODES8 OD
2.40276E+11,5,1,-282,2022,LEHD LODES8 OD
2.40276E+11,6,0,-282,2022,LEHD LODES8 OD
2.40276E+11,9,20,-282,2022,LEHD LODES8 OD
2.40276E+11,1,546,-696,2022,LEHD LODES8 OD
2.40276E+11,10,2,-696,2022,LEHD LODES8 OD
2.40276E+11,12,2,-696,2022,LEHD LODES8 OD
2.40276E+11,13,20,-696,2022,LEHD LODES8 OD
2.40276E+11,2,70,-696,2022,LEHD LODES8 OD
2.40276E+11,3,28,-696,2022,LEHD LODES8 OD
2.40276E+11,4,16,-696,2022,LEHD LODES8 OD
2.40276E+11,5,8,-696,2022,LEHD LODES8 OD
2.40276E+11,6,1,-696,2022,LEHD LODES8 OD
2.40276E+11,7,1,-696,2022,LEHD LODES8 OD
2.40276E+11,9,2,-696,2022,LEHD LODES8 OD
2.40276E+11,1,318,-378,2022,LEHD LODES8 OD
2.40276E+11,2,38,-378,2022,LEHD LODES8 OD
2.40276E+11,3,10,-378,2022,LEHD LODES8 OD
2.40276E+11,4,8,-378,2022,LEHD LODES8 OD
2.40276E+11,5,4,-378,2022,LEHD LODES8 OD
2.40276E+11,7,0,-378,2022,LEHD LODES8 OD
2.40276E+11,8,0,-378,2022,LEHD LODES8 OD
2.40276E+11,1,188,-246,2022,LEHD LODES8 OD
2.40276E+11,2,48,-246,2022,LEHD LODES8 OD
2.40276E+11,3,6,-246,2022,LEHD LODES8 OD
2.40276E+11,4,0,-246,2022,LEHD LODES8 OD
2.40276E+11,5,0,-246,2022,LEHD LODES8 OD
2.40276E+11,6,0,-246,2022,LEHD LODES8 OD
2.40276E+11,7,4,-246,2022,LEHD LODES8 OD
2.40276E+11,1,169,-173,2022,LEHD LODES8 OD
2.40276E+11,2,4,-173,2022,LEHD LODES8 OD
2.40276E+11,3,0,-173,2022,LEHD LODES8 OD
2.40276E+11,4,0,-173,2022,LEHD LODES8 OD
2.40276E+11,1,294,-336,2022,LEHD LODES8 OD
2.40276E+11,2,30,-336,2022,LEHD LODES8 OD
2.40276E+11,3,2,-336,2022,LEHD LODES8 OD
2.40276E+11,4,4,-336,2022,LEHD LODES8 OD
2.40276E+11,5,0,-336,2022,LEHD LODES8 OD
2.40276E+11,6,6,-336,2022,LEHD LODES8 OD
2.40276E+11,1,420,-530,2022,LEHD LODES8 OD
2.40276E+11,10,0,-530,2022,LEHD LODES8 OD
2.40276E+11,2,60,-530,2022,LEHD LODES8 OD
2.40276E+11,3,34,-530,2022,LEHD LODES8 OD
2.40276E+11,4,4,-530,2022,LEHD LODES8 OD
2.40276E+11,5,0,-530,2022,LEHD LODES8 OD
2.40276E+11,6,4,-530,2022,LEHD LODES8 OD
2.40276E+11,7,0,-530,2022,LEHD LODES8 OD
2.40276E+11,8,0,-530,2022,LEHD LODES8 OD
2.40276E+11,9,8,-530,2022,LEHD LODES8 OD
2.40276E+11,1,367,-436,2022,LEHD LODES8 OD
2.40276E+11,11,4,-436,2022,LEHD LODES8 OD
2.40276E+11,15,4,-436,2022,LEHD LODES8 OD
2.40276E+11,2,45,-436,2022,LEHD LODES8 OD
2.40276E+11,3,8,-436,2022,LEHD LODES8 OD
2.40276E+11,4,2,-436,2022,LEHD LODES8 OD
2.40276E+11,5,2,-436,2022,LEHD LODES8 OD
2.40276E+11,6,2,-436,2022,LEHD LODES8 OD
2.40276E+11,7,0,-436,2022,LEHD LODES8 OD
2.40276E+11,9,2,-436,2022,LEHD LODES8 OD
2.40276E+11,1,264,-350,2022,LEHD LODES8 OD
2.40276E+11,2,51,-350,2022,LEHD LODES8 OD
2.40276E+11,3,18,-350,2022,LEHD LODES8 OD
2.40276E+11,4,14,-350,2022,LEHD LODES8 OD
2.40276E+11,5,1,-350,2022,LEHD LODES8 OD
2.40276E+11,6,0,-350,2022,LEHD LODES8 OD
2.40276E+11,7,2,-350,2022,LEHD LODES8 OD
2.40276E+11,1,423,-485,2022,LEHD LODES8 OD
2.40276E+11,2,35,-485,2022,LEHD LODES8 OD
2.40276E+11,3,4,-485,2022,LEHD LODES8 OD
2.40276E+11,4,5,-485,2022,LEHD LODES8 OD
2.40276E+11,5,4,-485,2022,LEHD LODES8 OD
2.40276E+11,6,14,-485,2022,LEHD LODES8 OD
2.40276E+11,1,621,-693,2022,LEHD LODES8 OD
2.40276E+11,2,49,-693,2022,LEHD LODES8 OD
2.40276E+11,3,13,-693,2022,LEHD LODES8 OD
2.40276E+11,5,4,-693,2022,LEHD LODES8 OD
2.40276E+11,6,3,-693,2022,LEHD LODES8 OD
2.40276E+11,7,3,-693,2022,LEHD LODES8 OD
2.40276E+11,1,428,-492,2022,LEHD LODES8 OD
2.40276E+11,2,52,-492,2022,LEHD LODES8 OD
2.40276E+11,3,12,-492,2022,LEHD LODES8 OD
2.40276E+11,4,0,-492,2022,LEHD LODES8 OD
2.40276E+11,1,337,-410,2022,LEHD LODES8 OD
2.40276E+11,16,1,-410,2022,LEHD LODES8 OD
2.40276E+11,17,2,-410,2022,LEHD LODES8 OD
2.40276E+11,2,40,-410,2022,LEHD LODES8 OD
2.40276E+11,3,20,-410,2022,LEHD LODES8 OD
2.40276E+11,4,2,-410,2022,LEHD LODES8 OD
2.40276E+11,5,8,-410,2022,LEHD LODES8 OD
2.40276E+11,8,0,-410,2022,LEHD LODES8 OD
2.40276E+11,1,324,-352,2022,LEHD LODES8 OD
2.40276E+11,2,28,-352,2022,LEHD LODES8 OD
2.40276E+11,3,0,-352,2022,LEHD LODES8 OD
2.40276E+11,4,0,-352,2022,LEHD LODES8 OD
2.40276E+11,1,252,-316,2022,LEHD LODES8 OD
2.40276E+11,2,36,-316,2022,LEHD LODES8 OD
2.40276E+11,3,16,-316,2022,LEHD LODES8 OD
2.40276E+11,5,12,-316,2022,LEHD LODES8 OD
2.40276E+11,1,459,-660,2022,LEHD LODES8 OD
2.40276E+11,2,125,-660,2022,LEHD LODES8 OD
2.40276E+11,3,46,-660,2022,LEHD LODES8 OD
2.40276E+11,4,10,-660,2022,LEHD LODES8 OD
2.40276E+11,5,16,-660,2022,LEHD LODES8 OD
2.40276E+11,6,0,-660,2022,LEHD LODES8 OD
2.40276E+11,7,4,-660,2022,LEHD LODES8 OD
2.40276E+11,8,0,-660,2022,LEHD LODES8 OD
2.40276E+11,1,529,-851,2022,LEHD LODES8 OD
2.40276E+11,10,0,-851,2022,LEHD LODES8 OD
2.40276E+11,11,4,-851,2022,LEHD LODES8 OD
2.40276E+11,12,2,-851,2022,LEHD LODES8 OD
2.40276E+11,14,2,-851,2022,LEHD LODES8 OD
2.40276E+11,2,116,-851,2022,LEHD LODES8 OD
2.40276E+11,3,94,-851,2022,LEHD LODES8 OD
2.40276E+11,4,36,-851,2022,LEHD LODES8 OD
2.40276E+11,5,10,-851,2022,LEHD LODES8 OD
2.40276E+11,6,32,-851,2022,LEHD LODES8 OD
2.40276E+11,7,1,-851,2022,LEHD LODES8 OD
2.40276E+11,8,25,-851,2022,LEHD LODES8 OD
2.40276E+11,9,0,-851,2022,LEHD LODES8 OD
2.40276E+11,1,560,-718,2022,LEHD LODES8 OD
2.40276E+11,2,110,-718,2022,LEHD LODES8 OD
2.40276E+11,3,28,-718,2022,LEHD LODES8 OD
2.40276E+11,4,20,-718,2022,LEHD LODES8 OD
2.40276E+11,5,0,-718,2022,LEHD LODES8 OD
2.40276E+11,7,0,-718,2022,LEHD LODES8 OD
2.40276E+11,1,745,-885,2022,LEHD LODES8 OD
2.40276E+11,2,76,-885,2022,LEHD LODES8 OD
2.40276E+11,3,36,-885,2022,LEHD LODES8 OD
2.40276E+11,4,20,-885,2022,LEHD LODES8 OD
2.40276E+11,5,8,-885,2022,LEHD LODES8 OD
2.40276E+11,6,0,-885,2022,LEHD LODES8 OD
2.40276E+11,7,0,-885,2022,LEHD LODES8 OD
2.40276E+11,1,490,-622,2022,LEHD LODES8 OD
2.40276E+11,2,72,-622,2022,LEHD LODES8 OD
2.40276E+11,3,42,-622,2022,LEHD LODES8 OD
2.40276E+11,4,10,-622,2022,LEHD LODES8 OD
2.40276E+11,5,7,-622,2022,LEHD LODES8 OD
2.40276E+11,6,1,-622,2022,LEHD LODES8 OD
2.40276E+11,7,0,-622,2022,LEHD LODES8 OD
2.40276E+11,1,266,-348,2022,LEHD LODES8 OD
2.40276E+11,2,54,-348,2022,LEHD LODES8 OD
2.40276E+11,3,10,-348,2022,LEHD LODES8 OD
2.40276E+11,4,9,-348,2022,LEHD LODES8 OD
2.40276E+11,5,9,-348,2022,LEHD LODES8 OD
2.40276E+11,6,0,-348,2022,LEHD LODES8 OD
2.40276E+11,7,0,-348,2022,LEHD LODES8 OD
2.40276E+11,1,566,-706,2022,LEHD LODES8 OD
2.40276E+11,10,6,-706,2022,LEHD LODES8 OD
2.40276E+11,11,8,-706,2022,LEHD LODES8 OD
2.40276E+11,2,84,-706,2022,LEHD LODES8 OD
2.40276E+11,3,16,-706,2022,LEHD LODES8 OD
2.40276E+11,4,6,-706,2022,LEHD LODES8 OD
2.40276E+11,5,10,-706,2022,LEHD LODES8 OD
2.40276E+11,8,10,-706,2022,LEHD LODES8 OD
2.40276E+11,1,460,-592,2022,LEHD LODES8 OD
2.40276E+11,2,78,-592,2022,LEHD LODES8 OD
2.40276E+11,3,16,-592,2022,LEHD LODES8 OD
2.40276E+11,4,12,-592,2022,LEHD LODES8 OD
2.40276E+11,5,22,-592,2022,LEHD LODES8 OD
2.40276E+11,6,4,-592,2022,LEHD LODES8 OD
2.40276E+11,1,396,-496,2022,LEHD LODES8 OD
2.40276E+11,2,34,-496,2022,LEHD LODES8 OD
2.40276E+11,3,26,-496,2022,LEHD LODES8 OD
2.40276E+11,4,20,-496,2022,LEHD LODES8 OD
2.40276E+11,5,8,-496,2022,LEHD LODES8 OD
2.40276E+11,7,0,-496,2022,LEHD LODES8 OD
2.40276E+11,8,12,-496,2022,LEHD LODES8 OD
2.40276E+11,1,226,-244,2022,LEHD LODES8 OD
2.40276E+11,2,18,-244,2022,LEHD LODES8 OD
2.40276E+11,3,0,-244,2022,LEHD LODES8 OD
2.40276E+11,4,0,-244,2022,LEHD LODES8 OD
2.40276E+11,1,191,-255,2022,LEHD LODES8 OD
2.40276E+11,2,36,-255,2022,LEHD LODES8 OD
2.40276E+11,3,26,-255,2022,LEHD LODES8 OD
2.40276E+11,4,2,-255,2022,LEHD LODES8 OD
2.40276E+11,5,0,-255,2022,LEHD LODES8 OD
2.40276E+11,1,504,-592,2022,LEHD LODES8 OD
2.40276E+11,2,55,-592,2022,LEHD LODES8 OD
2.40276E+11,3,23,-592,2022,LEHD LODES8 OD
2.40276E+11,4,6,-592,2022,LEHD LODES8 OD
2.40276E+11,5,4,-592,2022,LEHD LODES8 OD
2.40276E+11,6,0,-592,2022,LEHD LODES8 OD
2.40276E+11,1,427,-517,2022,LEHD LODES8 OD
2.40276E+11,2,49,-517,2022,LEHD LODES8 OD
2.40276E+11,3,14,-517,2022,LEHD LODES8 OD
2.40276E+11,4,8,-517,2022,LEHD LODES8 OD
2.40276E+11,5,7,-517,2022,LEHD LODES8 OD
2.40276E+11,7,12,-517,2022,LEHD LODES8 OD
2.40276E+11,1,642,-738,2022,LEHD LODES8 OD
2.40276E+11,2,72,-738,2022,LEHD LODES8 OD
2.40276E+11,3,10,-738,2022,LEHD LODES8 OD
2.40276E+11,4,8,-738,2022,LEHD LODES8 OD
2.40276E+11,6,2,-738,2022,LEHD LODES8 OD
2.40276E+11,8,4,-738,2022,LEHD LODES8 OD
2.40276E+11,1,450,-508,2022,LEHD LODES8 OD
2.40276E+11,2,40,-508,2022,LEHD LODES8 OD
2.40276E+11,3,18,-508,2022,LEHD LODES8 OD
2.40276E+11,4,0,-508,2022,LEHD LODES8 OD
2.40276E+11,7,0,-508,2022,LEHD LODES8 OD
2.40276E+11,1,538,-576,2022,LEHD LODES8 OD
2.40276E+11,2,32,-576,2022,LEHD LODES8 OD
2.40276E+11,3,6,-576,2022,LEHD LODES8 OD
2.40276E+11,4,0,-576,2022,LEHD LODES8 OD
2.40276E+11,6,0,-576,2022,LEHD LODES8 OD
2.40276E+11,1,728,-839,2022,LEHD LODES8 OD
2.40276E+11,2,91,-839,2022,LEHD LODES8 OD
2.40276E+11,3,18,-839,2022,LEHD LODES8 OD
2.40276E+11,4,2,-839,2022,LEHD LODES8 OD
2.40276E+11,5,0,-839,2022,LEHD LODES8 OD
2.40276E+11,6,0,-839,2022,LEHD LODES8 OD
2.40276E+11,7,0,-839,2022,LEHD LODES8 OD
2.40276E+11,1,344,-370,2022,LEHD LODES8 OD
2.40276E+11,2,26,-370,2022,LEHD LODES8 OD
2.40276E+11,3,0,-370,2022,LEHD LODES8 OD
2.40276E+11,1,664,-706,2022,LEHD LODES8 OD
2.40276E+11,2,38,-706,2022,LEHD LODES8 OD
2.40276E+11,3,4,-706,2022,LEHD LODES8 OD
2.40276E+11,4,0,-706,2022,LEHD LODES8 OD
2.40276E+11,1,378,-424,2022,LEHD LODES8 OD
2.40276E+11,2,32,-424,2022,LEHD LODES8 OD
2.40276E+11,3,12,-424,2022,LEHD LODES8 OD
2.40276E+11,4,2,-424,2022,LEHD LODES8 OD
2.40276E+11,5,0,-424,2022,LEHD LODES8 OD
2.40276E+11,1,646,-680,2022,LEHD LODES8 OD
2.40276E+11,2,28,-680,2022,LEHD LODES8 OD
2.40276E+11,3,6,-680,2022,LEHD LODES8 OD
2.40276E+11,4,0,-680,2022,LEHD LODES8 OD
2.40276E+11,1,262,-292,2022,LEHD LODES8 OD
2.40276E+11,2,18,-292,2022,LEHD LODES8 OD
2.40276E+11,3,4,-292,2022,LEHD LODES8 OD
2.40276E+11,4,0,-292,2022,LEHD LODES8 OD
2.40276E+11,5,8,-292,2022,LEHD LODES8 OD
2.40276E+11,1,246,-280,2022,LEHD LODES8 OD
2.40276E+11,2,24,-280,2022,LEHD LODES8 OD
2.40276E+11,3,8,-280,2022,LEHD LODES8 OD
2.40276E+11,5,2,-280,2022,LEHD LODES8 OD
2.40276E+11,1,526,-584,2022,LEHD LODES8 OD
2.40276E+11,2,42,-584,2022,LEHD LODES8 OD
2.40276E+11,3,4,-584,2022,LEHD LODES8 OD
2.40276E+11,4,0,-584,2022,LEHD LODES8 OD
2.40276E+11,5,4,-584,2022,LEHD LODES8 OD
2.40276E+11,7,8,-584,2022,LEHD LODES8 OD
2.40276E+11,1,576,-618,2022,LEHD LODES8 OD
2.40276E+11,2,26,-618,2022,LEHD LODES8 OD
2.40276E+11,3,8,-618,2022,LEHD LODES8 OD
2.40276E+11,4,8,-618,2022,LEHD LODES8 OD
2.40276E+11,1,596,-662,2022,LEHD LODES8 OD
2.40276E+11,2,54,-662,2022,LEHD LODES8 OD
2.40276E+11,3,4,-662,2022,LEHD LODES8 OD
2.40276E+11,4,0,-662,2022,LEHD LODES8 OD
2.40276E+11,5,8,-662,2022,LEHD LODES8 OD
2.40276E+11,7,0,-662,2022,LEHD LODES8 OD
2.40276E+11,1,512,-582,2022,LEHD LODES8 OD
2.40276E+11,2,44,-582,2022,LEHD LODES8 OD
2.40276E+11,3,12,-582,2022,LEHD LODES8 OD
2.40276E+11,4,2,-582,2022,LEHD LODES8 OD
2.40276E+11,6,0,-582,2022,LEHD LODES8 OD
2.40276E+11,7,12,-582,2022,LEHD LODES8 OD
2.40276E+11,1,612,-678,2022,LEHD LODES8 OD
2.40276E+11,11,0,-678,2022,LEHD LODES8 OD
2.40276E+11,2,62,-678,2022,LEHD LODES8 OD
2.40276E+11,3,0,-678,2022,LEHD LODES8 OD
2.40276E+11,4,0,-678,2022,LEHD LODES8 OD
2.40276E+11,5,4,-678,2022,LEHD LODES8 OD
2.40276E+11,8,0,-678,2022,LEHD LODES8 OD
2.40276E+11,1,656,-798,2022,LEHD LODES8 OD
2.40276E+11,10,0,-798,2022,LEHD LODES8 OD
2.40276E+11,2,62,-798,2022,LEHD LODES8 OD
2.40276E+11,3,54,-798,2022,LEHD LODES8 OD
2.40276E+11,4,10,-798,2022,LEHD LODES8 OD
2.40276E+11,5,2,-798,2022,LEHD LODES8 OD
2.40276E+11,6,5,-798,2022,LEHD LODES8 OD
2.40276E+11,7,8,-798,2022,LEHD LODES8 OD
2.40276E+11,8,1,-798,2022,LEHD LODES8 OD
2.40276E+11,9,0,-798,2022,LEHD LODES8 OD
2.40276E+11,1,528,-635,2022,LEHD LODES8 OD
2.40276E+11,10,0,-635,2022,LEHD LODES8 OD
2.40276E+11,2,63,-635,2022,LEHD LODES8 OD
2.40276E+11,3,18,-635,2022,LEHD LODES8 OD
2.40276E+11,4,16,-635,2022,LEHD LODES8 OD
2.40276E+11,5,10,-635,2022,LEHD LODES8 OD
2.40276E+11,6,0,-635,2022,LEHD LODES8 OD
2.40276E+11,1,404,-482,2022,LEHD LODES8 OD
2.40276E+11,10,2,-482,2022,LEHD LODES8 OD
2.40276E+11,11,2,-482,2022,LEHD LODES8 OD
2.40276E+11,18,4,-482,2022,LEHD LODES8 OD
2.40276E+11,2,60,-482,2022,LEHD LODES8 OD
2.40276E+11,3,10,-482,2022,LEHD LODES8 OD
2.40276E+11,4,0,-482,2022,LEHD LODES8 OD
2.40276E+11,5,0,-482,2022,LEHD LODES8 OD
2.40276E+11,7,0,-482,2022,LEHD LODES8 OD
2.40276E+11,8,0,-482,2022,LEHD LODES8 OD
2.40276E+11,1,285,-391,2022,LEHD LODES8 OD
2.40276E+11,11,2,-391,2022,LEHD LODES8 OD
2.40276E+11,15,6,-391,2022,LEHD LODES8 OD
2.40276E+11,16,6,-391,2022,LEHD LODES8 OD
2.40276E+11,2,36,-391,2022,LEHD LODES8 OD
2.40276E+11,24,12,-391,2022,LEHD LODES8 OD
2.40276E+11,3,24,-391,2022,LEHD LODES8 OD
2.40276E+11,4,10,-391,2022,LEHD LODES8 OD
2.40276E+11,5,4,-391,2022,LEHD LODES8 OD
2.40276E+11,8,2,-391,2022,LEHD LODES8 OD
2.40276E+11,9,4,-391,2022,LEHD LODES8 OD
2.40276E+11,1,519,-619,2022,LEHD LODES8 OD
2.40276E+11,15,8,-619,2022,LEHD LODES8 OD
2.40276E+11,2,52,-619,2022,LEHD LODES8 OD
2.40276E+11,3,16,-619,2022,LEHD LODES8 OD
2.40276E+11,4,10,-619,2022,LEHD LODES8 OD
2.40276E+11,5,0,-619,2022,LEHD LODES8 OD
2.40276E+11,6,8,-619,2022,LEHD LODES8 OD
2.40276E+11,8,2,-619,2022,LEHD LODES8 OD
2.40276E+11,9,4,-619,2022,LEHD LODES8 OD
2.40276E+11,1,580,-630,2022,LEHD LODES8 OD
2.40276E+11,2,36,-630,2022,LEHD LODES8 OD
2.40276E+11,3,14,-630,2022,LEHD LODES8 OD
2.40276E+11,4,0,-630,2022,LEHD LODES8 OD
2.40276E+11,5,0,-630,2022,LEHD LODES8 OD
2.40276E+11,6,0,-630,2022,LEHD LODES8 OD
2.40276E+11,1,398,-502,2022,LEHD LODES8 OD
2.40276E+11,2,54,-502,2022,LEHD LODES8 OD
2.40276E+11,3,26,-502,2022,LEHD LODES8 OD
2.40276E+11,4,4,-502,2022,LEHD LODES8 OD
2.40276E+11,6,8,-502,2022,LEHD LODES8 OD
2.40276E+11,7,8,-502,2022,LEHD LODES8 OD
2.40276E+11,8,4,-502,2022,LEHD LODES8 OD
2.40276E+11,1,438,-550,2022,LEHD LODES8 OD
2.40276E+11,2,64,-550,2022,LEHD LODES8 OD
2.40276E+11,3,19,-550,2022,LEHD LODES8 OD
2.40276E+11,4,1,-550,2022,LEHD LODES8 OD
2.40276E+11,5,8,-550,2022,LEHD LODES8 OD
2.40276E+11,6,12,-550,2022,LEHD LODES8 OD
2.40276E+11,7,8,-550,2022,LEHD LODES8 OD
2.40276E+11,8,0,-550,2022,LEHD LODES8 OD
2.40276E+11,1,286,-354,2022,LEHD LODES8 OD
2.40276E+11,2,39,-354,2022,LEHD LODES8 OD
2.40276E+11,3,13,-354,2022,LEHD LODES8 OD
2.40276E+11,4,12,-354,2022,LEHD LODES8 OD
2.40276E+11,5,0,-354,2022,LEHD LODES8 OD
2.40276E+11,7,4,-354,2022,LEHD LODES8 OD
2.40276E+11,1,430,-582,2022,LEHD LODES8 OD
2.40276E+11,15,12,-582,2022,LEHD LODES8 OD
2.40276E+11,2,54,-582,2022,LEHD LODES8 OD
2.40276E+11,3,40,-582,2022,LEHD LODES8 OD
2.40276E+11,4,32,-582,2022,LEHD LODES8 OD
2.40276E+11,5,14,-582,2022,LEHD LODES8 OD
2.40276E+11,6,0,-582,2022,LEHD LODES8 OD
2.40276E+11,9,0,-582,2022,LEHD LODES8 OD
2.40276E+11,1,542,-628,2022,LEHD LODES8 OD
2.40276E+11,2,70,-628,2022,LEHD LODES8 OD
2.40276E+11,3,8,-628,2022,LEHD LODES8 OD
2.40276E+11,4,4,-628,2022,LEHD LODES8 OD
2.40276E+11,5,2,-628,2022,LEHD LODES8 OD
2.40276E+11,6,2,-628,2022,LEHD LODES8 OD
2.40276E+11,1,521,-653,2022,LEHD LODES8 OD
2.40276E+11,2,106,-653,2022,LEHD LODES8 OD
2.40276E+11,3,16,-653,2022,LEHD LODES8 OD
2.40276E+11,4,2,-653,2022,LEHD LODES8 OD
2.40276E+11,5,2,-653,2022,LEHD LODES8 OD
2.40276E+11,6,2,-653,2022,LEHD LODES8 OD
2.40276E+11,8,2,-653,2022,LEHD LODES8 OD
2.40276E+11,9,2,-653,2022,LEHD LODES8 OD
2.40276E+11,1,697,-886,2022,LEHD LODES8 OD
2.40276E+11,2,114,-886,2022,LEHD LODES8 OD
2.40276E+11,3,31,-886,2022,LEHD LODES8 OD
2.40276E+11,4,14,-886,2022,LEHD LODES8 OD
2.40276E+11,5,24,-886,2022,LEHD LODES8 OD
2.40276E+11,6,6,-886,2022,LEHD LODES8 OD
2.40276E+11,1,272,-444,2022,LEHD LODES8 OD
2.40276E+11,18,12,-444,2022,LEHD LODES8 OD
2.40276E+11,19,12,-444,2022,LEHD LODES8 OD
2.40276E+11,2,98,-444,2022,LEHD LODES8 OD
2.40276E+11,3,28,-444,2022,LEHD LODES8 OD
2.40276E+11,4,6,-444,2022,LEHD LODES8 OD
2.40276E+11,5,16,-444,2022,LEHD LODES8 OD
2.40276E+11,1,586,-838,2022,LEHD LODES8 OD
2.40276E+11,12,24,-838,2022,LEHD LODES8 OD
2.40276E+11,2,124,-838,2022,LEHD LODES8 OD
2.40276E+11,3,34,-838,2022,LEHD LODES8 OD
2.40276E+11,4,12,-838,2022,LEHD LODES8 OD
2.40276E+11,5,10,-838,2022,LEHD LODES8 OD
2.40276E+11,6,8,-838,2022,LEHD LODES8 OD
2.40276E+11,7,16,-838,2022,LEHD LODES8 OD
2.40276E+11,9,24,-838,2022,LEHD LODES8 OD
2.40276E+11,1,258,-324,2022,LEHD LODES8 OD
2.40276E+11,2,22,-324,2022,LEHD LODES8 OD
2.40276E+11,3,12,-324,2022,LEHD LODES8 OD
2.40276E+11,4,20,-324,2022,LEHD LODES8 OD
2.40276E+11,5,6,-324,2022,LEHD LODES8 OD
2.40276E+11,6,6,-324,2022,LEHD LODES8 OD
2.40276E+11,1,350,-645,2022,LEHD LODES8 OD
2.40276E+11,11,6,-645,2022,LEHD LODES8 OD
2.40276E+11,15,4,-645,2022,LEHD LODES8 OD
2.40276E+11,18,8,-645,2022,LEHD LODES8 OD
2.40276E+11,19,3,-645,2022,LEHD LODES8 OD
2.40276E+11,2,112,-645,2022,LEHD LODES8 OD
2.40276E+11,21,3,-645,2022,LEHD LODES8 OD
2.40276E+11,3,69,-645,2022,LEHD LODES8 OD
2.40276E+11,4,54,-645,2022,LEHD LODES8 OD
2.40276E+11,5,10,-645,2022,LEHD LODES8 OD
2.40276E+11,6,2,-645,2022,LEHD LODES8 OD
2.40276E+11,7,6,-645,2022,LEHD LODES8 OD
2.40276E+11,8,12,-645,2022,LEHD LODES8 OD
2.40276E+11,9,6,-645,2022,LEHD LODES8 OD
2.40276E+11,1,224,-305,2022,LEHD LODES8 OD
2.40276E+11,10,2,-305,2022,LEHD LODES8 OD
2.40276E+11,12,12,-305,2022,LEHD LODES8 OD
2.40276E+11,2,26,-305,2022,LEHD LODES8 OD
2.40276E+11,3,10,-305,2022,LEHD LODES8 OD
2.40276E+11,4,26,-305,2022,LEHD LODES8 OD
2.40276E+11,5,4,-305,2022,LEHD LODES8 OD
2.40276E+11,7,0,-305,2022,LEHD LODES8 OD
2.40276E+11,9,1,-305,2022,LEHD LODES8 OD
2.40276E+11,1,288,-352,2022,LEHD LODES8 OD
2.40276E+11,10,4,-352,2022,LEHD LODES8 OD
2.40276E+11,11,6,-352,2022,LEHD LODES8 OD
2.40276E+11,13,1,-352,2022,LEHD LODES8 OD
2.40276E+11,15,1,-352,2022,LEHD LODES8 OD
2.40276E+11,2,44,-352,2022,LEHD LODES8 OD
2.40276E+11,3,8,-352,2022,LEHD LODES8 OD
2.40276E+11,4,0,-352,2022,LEHD LODES8 OD
2.40276E+11,6,0,-352,2022,LEHD LODES8 OD
2.40276E+11,1,309,-364,2022,LEHD LODES8 OD
2.40276E+11,2,52,-364,2022,LEHD LODES8 OD
2.40276E+11,3,1,-364,2022,LEHD LODES8 OD
2.40276E+11,4,2,-364,2022,LEHD LODES8 OD
2.40276E+11,1,348,-512,2022,LEHD LODES8 OD
2.40276E+11,11,3,-512,2022,LEHD LODES8 OD
2.40276E+11,12,19,-512,2022,LEHD LODES8 OD
2.40276E+11,2,62,-512,2022,LEHD LODES8 OD
2.40276E+11,3,40,-512,2022,LEHD LODES8 OD
2.40276E+11,4,28,-512,2022,LEHD LODES8 OD
2.40276E+11,5,8,-512,2022,LEHD LODES8 OD
2.40276E+11,6,2,-512,2022,LEHD LODES8 OD
2.40276E+11,7,2,-512,2022,LEHD LODES8 OD
2.40276E+11,1,354,-584,2022,LEHD LODES8 OD
2.40276E+11,10,28,-584,2022,LEHD LODES8 OD
2.40276E+11,11,3,-584,2022,LEHD LODES8 OD
2.40276E+11,14,2,-584,2022,LEHD LODES8 OD
2.40276E+11,15,2,-584,2022,LEHD LODES8 OD
2.40276E+11,2,98,-584,2022,LEHD LODES8 OD
2.40276E+11,3,26,-584,2022,LEHD LODES8 OD
2.40276E+11,4,25,-584,2022,LEHD LODES8 OD
2.40276E+11,5,37,-584,2022,LEHD LODES8 OD
2.40276E+11,6,4,-584,2022,LEHD LODES8 OD
2.40276E+11,9,5,-584,2022,LEHD LODES8 OD
2.40276E+11,1,442,-677,2022,LEHD LODES8 OD
2.40276E+11,10,10,-677,2022,LEHD LODES8 OD
2.40276E+11,12,10,-677,2022,LEHD LODES8 OD
2.40276E+11,13,1,-677,2022,LEHD LODES8 OD
2.40276E+11,14,12,-677,2022,LEHD LODES8 OD
2.40276E+11,15,2,-677,2022,LEHD LODES8 OD
2.40276E+11,2,78,-677,2022,LEHD LODES8 OD
2.40276E+11,25,3,-677,2022,LEHD LODES8 OD
2.40276E+11,28,4,-677,2022,LEHD LODES8 OD
2.40276E+11,3,32,-677,2022,LEHD LODES8 OD
2.40276E+11,4,58,-677,2022,LEHD LODES8 OD
2.40276E+11,5,14,-677,2022,LEHD LODES8 OD
2.40276E+11,6,5,-677,2022,LEHD LODES8 OD
2.40276E+11,7,2,-677,2022,LEHD LODES8 OD
2.40276E+11,8,3,-677,2022,LEHD LODES8 OD
2.40276E+11,9,1,-677,2022,LEHD LODES8 OD
2.40276E+11,1,558,-763,2022,LEHD LODES8 OD
2.40276E+11,10,4,-763,2022,LEHD LODES8 OD
2.40276E+11,12,4,-763,2022,LEHD LODES8 OD
2.40276E+11,16,0,-763,2022,LEHD LODES8 OD
2.40276E+11,18,0,-763,2022,LEHD LODES8 OD
2.40276E+11,2,96,-763,2022,LEHD LODES8 OD
2.40276E+11,3,44,-763,2022,LEHD LODES8 OD
2.40276E+11,4,47,-763,2022,LEHD LODES8 OD
2.40276E+11,5,2,-763,2022,LEHD LODES8 OD
2.40276E+11,6,1,-763,2022,LEHD LODES8 OD
2.40276E+11,7,3,-763,2022,LEHD LODES8 OD
2.40276E+11,8,2,-763,2022,LEHD LODES8 OD
2.40276E+11,9,2,-763,2022,LEHD LODES8 OD
2.40276E+11,1,430,-568,2022,LEHD LODES8 OD
2.40276E+11,15,4,-568,2022,LEHD LODES8 OD
2.40276E+11,16,0,-568,2022,LEHD LODES8 OD
2.40276E+11,17,0,-568,2022,LEHD LODES8 OD
2.40276E+11,2,92,-568,2022,LEHD LODES8 OD
2.40276E+11,26,0,-568,2022,LEHD LODES8 OD
2.40276E+11,29,0,-568,2022,LEHD LODES8 OD
2.40276E+11,3,24,-568,2022,LEHD LODES8 OD
2.40276E+11,4,8,-568,2022,LEHD LODES8 OD
2.40276E+11,5,4,-568,2022,LEHD LODES8 OD
2.40276E+11,6,0,-568,2022,LEHD LODES8 OD
2.40276E+11,7,5,-568,2022,LEHD LODES8 OD
2.40276E+11,8,1,-568,2022,LEHD LODES8 OD
2.40276E+11,9,0,-568,2022,LEHD LODES8 OD
2.40276E+11,1,180,-289,2022,LEHD LODES8 OD
2.40276E+11,10,0,-289,2022,LEHD LODES8 OD
2.40276E+11,11,2,-289,2022,LEHD LODES8 OD
2.40276E+11,14,8,-289,2022,LEHD LODES8 OD
2.40276E+11,2,46,-289,2022,LEHD LODES8 OD
2.40276E+11,27,2,-289,2022,LEHD LODES8 OD
2.40276E+11,28,2,-289,2022,LEHD LODES8 OD
2.40276E+11,3,10,-289,2022,LEHD LODES8 OD
2.40276E+11,4,16,-289,2022,LEHD LODES8 OD
2.40276E+11,5,13,-289,2022,LEHD LODES8 OD
2.40276E+11,6,1,-289,2022,LEHD LODES8 OD
2.40276E+11,7,8,-289,2022,LEHD LODES8 OD
2.40276E+11,8,1,-289,2022,LEHD LODES8 OD
2.40276E+11,1,448,-603,2022,LEHD LODES8 OD
2.40276E+11,10,0,-603,2022,LEHD LODES8 OD
2.40276E+11,12,0,-603,2022,LEHD LODES8 OD
2.40276E+11,13,4,-603,2022,LEHD LODES8 OD
2.40276E+11,2,93,-603,2022,LEHD LODES8 OD
2.40276E+11,3,29,-603,2022,LEHD LODES8 OD
2.40276E+11,4,17,-603,2022,LEHD LODES8 OD
2.40276E+11,5,10,-603,2022,LEHD LODES8 OD
2.40276E+11,6,0,-603,2022,LEHD LODES8 OD
2.40276E+11,7,2,-603,2022,LEHD LODES8 OD
2.40276E+11,8,0,-603,2022,LEHD LODES8 OD
2.40276E+11,9,0,-603,2022,LEHD LODES8 OD
2.40276E+11,1,380,-644,2022,LEHD LODES8 OD
2.40276E+11,10,2,-644,2022,LEHD LODES8 OD
2.40276E+11,11,3,-644,2022,LEHD LODES8 OD
2.40276E+11,12,3,-644,2022,LEHD LODES8 OD
2.40276E+11,2,78,-644,2022,LEHD LODES8 OD
2.40276E+11,24,40,-644,2022,LEHD LODES8 OD
2.40276E+11,3,38,-644,2022,LEHD LODES8 OD
2.40276E+11,4,32,-644,2022,LEHD LODES8 OD
2.40276E+11,5,26,-644,2022,LEHD LODES8 OD
2.40276E+11,6,16,-644,2022,LEHD LODES8 OD
2.40276E+11,7,20,-644,2022,LEHD LODES8 OD
2.40276E+11,8,4,-644,2022,LEHD LODES8 OD
2.40276E+11,9,2,-644,2022,LEHD LODES8 OD
2.40276E+11,1,595,-840,2022,LEHD LODES8 OD
2.40276E+11,10,6,-840,2022,LEHD LODES8 OD
2.40276E+11,11,6,-840,2022,LEHD LODES8 OD
2.40276E+11,12,0,-840,2022,LEHD LODES8 OD
2.40276E+11,14,0,-840,2022,LEHD LODES8 OD
2.40276E+11,2,114,-840,2022,LEHD LODES8 OD
2.40276E+11,22,24,-840,2022,LEHD LODES8 OD
2.40276E+11,3,49,-840,2022,LEHD LODES8 OD
2.40276E+11,4,14,-840,2022,LEHD LODES8 OD
2.40276E+11,5,28,-840,2022,LEHD LODES8 OD
2.40276E+11,6,2,-840,2022,LEHD LODES8 OD
2.40276E+11,7,2,-840,2022,LEHD LODES8 OD
2.40276E+11,1,402,-546,2022,LEHD LODES8 OD
2.40276E+11,14,12,-546,2022,LEHD LODES8 OD
2.40276E+11,2,82,-546,2022,LEHD LODES8 OD
2.40276E+11,3,30,-546,2022,LEHD LODES8 OD
2.40276E+11,4,0,-546,2022,LEHD LODES8 OD
2.40276E+11,5,4,-546,2022,LEHD LODES8 OD
2.40276E+11,6,2,-546,2022,LEHD LODES8 OD
2.40276E+11,7,6,-546,2022,LEHD LODES8 OD
2.40276E+11,8,8,-546,2022,LEHD LODES8 OD
2.40276E+11,9,0,-546,2022,LEHD LODES8 OD
2.40276E+11,1,344,-490,2022,LEHD LODES8 OD
2.40276E+11,10,4,-490,2022,LEHD LODES8 OD
2.40276E+11,13,0,-490,2022,LEHD LODES8 OD
2.40276E+11,15,0,-490,2022,LEHD LODES8 OD
2.40276E+11,2,54,-490,2022,LEHD LODES8 OD
2.40276E+11,21,12,-490,2022,LEHD LODES8 OD
2.40276E+11,3,58,-490,2022,LEHD LODES8 OD
2.40276E+11,4,12,-490,2022,LEHD LODES8 OD
2.40276E+11,5,6,-490,2022,LEHD LODES8 OD
2.40276E+11,6,0,-490,2022,LEHD LODES8 OD
2.40276E+11,8,0,-490,2022,LEHD LODES8 OD
2.40276E+11,1,260,-306,2022,LEHD LODES8 OD
2.40276E+11,2,18,-306,2022,LEHD LODES8 OD
2.40276E+11,3,6,-306,2022,LEHD LODES8 OD
2.40276E+11,4,16,-306,2022,LEHD LODES8 OD
2.40276E+11,5,4,-306,2022,LEHD LODES8 OD
2.40276E+11,6,1,-306,2022,LEHD LODES8 OD
2.40276E+11,8,1,-306,2022,LEHD LODES8 OD
2.40276E+11,1,594,-738,2022,LEHD LODES8 OD
2.40276E+11,10,1,-738,2022,LEHD LODES8 OD
2.40276E+11,11,9,-738,2022,LEHD LODES8 OD
2.40276E+11,12,5,-738,2022,LEHD LODES8 OD
2.40276E+11,14,5,-738,2022,LEHD LODES8 OD
2.40276E+11,2,82,-738,2022,LEHD LODES8 OD
2.40276E+11,3,20,-738,2022,LEHD LODES8 OD
2.40276E+11,4,10,-738,2022,LEHD LODES8 OD
2.40276E+11,5,4,-738,2022,LEHD LODES8 OD
2.40276E+11,6,0,-738,2022,LEHD LODES8 OD
2.40276E+11,7,8,-738,2022,LEHD LODES8 OD
2.40276E+11,9,0,-738,2022,LEHD LODES8 OD
2.40276E+11,1,290,-385,2022,LEHD LODES8 OD
2.40276E+11,2,50,-385,2022,LEHD LODES8 OD
2.40276E+11,3,11,-385,2022,LEHD LODES8 OD
2.40276E+11,4,27,-385,2022,LEHD LODES8 OD
2.40276E+11,5,2,-385,2022,LEHD LODES8 OD
2.40276E+11,6,3,-385,2022,LEHD LODES8 OD
2.40276E+11,8,2,-385,2022,LEHD LODES8 OD
2.40276E+11,1,462,-719,2022,LEHD LODES8 OD
2.40276E+11,11,4,-719,2022,LEHD LODES8 OD
2.40276E+11,12,2,-719,2022,LEHD LODES8 OD
2.40276E+11,17,4,-719,2022,LEHD LODES8 OD
2.40276E+11,18,2,-719,2022,LEHD LODES8 OD
2.40276E+11,2,99,-719,2022,LEHD LODES8 OD
2.40276E+11,24,2,-719,2022,LEHD LODES8 OD
2.40276E+11,3,58,-719,2022,LEHD LODES8 OD
2.40276E+11,4,32,-719,2022,LEHD LODES8 OD
2.40276E+11,5,4,-719,2022,LEHD LODES8 OD
2.40276E+11,6,28,-719,2022,LEHD LODES8 OD
2.40276E+11,7,12,-719,2022,LEHD LODES8 OD
2.40276E+11,8,8,-719,2022,LEHD LODES8 OD
2.40276E+11,9,2,-719,2022,LEHD LODES8 OD
2.40276E+11,1,210,-242,2022,LEHD LODES8 OD
2.40276E+11,2,24,-242,2022,LEHD LODES8 OD
2.40276E+11,3,4,-242,2022,LEHD LODES8 OD
2.40276E+11,4,4,-242,2022,LEHD LODES8 OD
2.40276E+11,5,0,-242,2022,LEHD LODES8 OD
2.40276E+11,6,0,-242,2022,LEHD LODES8 OD
2.40276E+11,9,0,-242,2022,LEHD LODES8 OD
2.40276E+11,1,677,-811,2022,LEHD LODES8 OD
2.40276E+11,13,4,-811,2022,LEHD LODES8 OD
2.40276E+11,2,82,-811,2022,LEHD LODES8 OD
2.40276E+11,3,20,-811,2022,LEHD LODES8 OD
2.40276E+11,4,20,-811,2022,LEHD LODES8 OD
2.40276E+11,5,0,-811,2022,LEHD LODES8 OD
2.40276E+11,6,0,-811,2022,LEHD LODES8 OD
2.40276E+11,7,4,-811,2022,LEHD LODES8 OD
2.40276E+11,8,4,-811,2022,LEHD LODES8 OD
2.40276E+11,1,588,-845,2022,LEHD LODES8 OD
2.40276E+11,10,4,-845,2022,LEHD LODES8 OD
2.40276E+11,12,10,-845,2022,LEHD LODES8 OD
2.40276E+11,13,6,-845,2022,LEHD LODES8 OD
2.40276E+11,2,134,-845,2022,LEHD LODES8 OD
2.40276E+11,3,12,-845,2022,LEHD LODES8 OD
2.40276E+11,4,32,-845,2022,LEHD LODES8 OD
2.40276E+11,5,15,-845,2022,LEHD LODES8 OD
2.40276E+11,6,19,-845,2022,LEHD LODES8 OD
2.40276E+11,7,9,-845,2022,LEHD LODES8 OD
2.40276E+11,8,16,-845,2022,LEHD LODES8 OD
2.40276E+11,1,338,-423,2022,LEHD LODES8 OD
2.40276E+11,2,38,-423,2022,LEHD LODES8 OD
2.40276E+11,3,18,-423,2022,LEHD LODES8 OD
2.40276E+11,4,25,-423,2022,LEHD LODES8 OD
2.40276E+11,5,0,-423,2022,LEHD LODES8 OD
2.40276E+11,6,0,-423,2022,LEHD LODES8 OD
2.40276E+11,8,2,-423,2022,LEHD LODES8 OD
2.40276E+11,9,2,-423,2022,LEHD LODES8 OD
2.40276E+11,1,616,-728,2022,LEHD LODES8 OD
2.40276E+11,10,1,-728,2022,LEHD LODES8 OD
2.40276E+11,2,60,-728,2022,LEHD LODES8 OD
2.40276E+11,3,28,-728,2022,LEHD LODES8 OD
2.40276E+11,4,6,-728,2022,LEHD LODES8 OD
2.40276E+11,5,4,-728,2022,LEHD LODES8 OD
2.40276E+11,6,12,-728,2022,LEHD LODES8 OD
2.40276E+11,7,1,-728,2022,LEHD LODES8 OD
2.40276E+11,1,423,-526,2022,LEHD LODES8 OD
2.40276E+11,2,63,-526,2022,LEHD LODES8 OD
2.40276E+11,3,24,-526,2022,LEHD LODES8 OD
2.40276E+11,4,4,-526,2022,LEHD LODES8 OD
2.40276E+11,5,0,-526,2022,LEHD LODES8 OD
2.40276E+11,6,12,-526,2022,LEHD LODES8 OD
2.40276E+11,1,368,-510,2022,LEHD LODES8 OD
2.40276E+11,10,0,-510,2022,LEHD LODES8 OD
2.40276E+11,2,50,-510,2022,LEHD LODES8 OD
2.40276E+11,3,40,-510,2022,LEHD LODES8 OD
2.40276E+11,4,26,-510,2022,LEHD LODES8 OD
2.40276E+11,5,8,-510,2022,LEHD LODES8 OD
2.40276E+11,6,14,-510,2022,LEHD LODES8 OD
2.40276E+11,7,4,-510,2022,LEHD LODES8 OD
2.40276E+11,8,0,-510,2022,LEHD LODES8 OD
2.40276E+11,1,788,-924,2022,LEHD LODES8 OD
2.40276E+11,12,4,-924,2022,LEHD LODES8 OD
2.40276E+11,2,40,-924,2022,LEHD LODES8 OD
2.40276E+11,3,32,-924,2022,LEHD LODES8 OD
2.40276E+11,4,22,-924,2022,LEHD LODES8 OD
2.40276E+11,5,6,-924,2022,LEHD LODES8 OD
2.40276E+11,8,22,-924,2022,LEHD LODES8 OD
2.40276E+11,9,10,-924,2022,LEHD LODES8 OD
2.40276E+11,1,542,-732,2022,LEHD LODES8 OD
2.40276E+11,10,24,-732,2022,LEHD LODES8 OD
2.40276E+11,2,85,-732,2022,LEHD LODES8 OD
2.40276E+11,3,46,-732,2022,LEHD LODES8 OD
2.40276E+11,4,12,-732,2022,LEHD LODES8 OD
2.40276E+11,5,16,-732,2022,LEHD LODES8 OD
2.40276E+11,6,1,-732,2022,LEHD LODES8 OD
2.40276E+11,7,0,-732,2022,LEHD LODES8 OD
2.40276E+11,8,6,-732,2022,LEHD LODES8 OD
2.40276E+11,1,672,-813,2022,LEHD LODES8 OD
2.40276E+11,2,91,-813,2022,LEHD LODES8 OD
2.40276E+11,3,15,-813,2022,LEHD LODES8 OD
2.40276E+11,4,3,-813,2022,LEHD LODES8 OD
2.40276E+11,5,20,-813,2022,LEHD LODES8 OD
2.40276E+11,6,4,-813,2022,LEHD LODES8 OD
2.40276E+11,8,8,-813,2022,LEHD LODES8 OD
2.40276E+11,1,300,-465,2022,LEHD LODES8 OD
2.40276E+11,11,1,-465,2022,LEHD LODES8 OD
2.40276E+11,13,1,-465,2022,LEHD LODES8 OD
2.40276E+11,2,64,-465,2022,LEHD LODES8 OD
2.40276E+11,3,56,-465,2022,LEHD LODES8 OD
2.40276E+11,4,20,-465,2022,LEHD LODES8 OD
2.40276E+11,5,6,-465,2022,LEHD LODES8 OD
2.40276E+11,6,17,-465,2022,LEHD LODES8 OD
2.40276E+11,8,0,-465,2022,LEHD LODES8 OD
2.40276E+11,1,131,-154,2022,LEHD LODES8 OD
2.40276E+11,2,13,-154,2022,LEHD LODES8 OD
2.40276E+11,3,0,-154,2022,LEHD LODES8 OD
2.40276E+11,4,2,-154,2022,LEHD LODES8 OD
2.40276E+11,8,8,-154,2022,LEHD LODES8 OD
2.40276E+11,1,455,-599,2022,LEHD LODES8 OD
2.40276E+11,12,8,-599,2022,LEHD LODES8 OD
2.40276E+11,2,92,-599,2022,LEHD LODES8 OD
2.40276E+11,3,18,-599,2022,LEHD LODES8 OD
2.40276E+11,4,4,-599,2022,LEHD LODES8 OD
2.40276E+11,5,6,-599,2022,LEHD LODES8 OD
2.40276E+11,6,16,-599,2022,LEHD LODES8 OD
2.40276E+11,7,0,-599,2022,LEHD LODES8 OD
2.40276E+11,9,0,-599,2022,LEHD LODES8 OD
2.40276E+11,1,328,-391,2022,LEHD LODES8 OD
2.40276E+11,14,4,-391,2022,LEHD LODES8 OD
2.40276E+11,2,47,-391,2022,LEHD LODES8 OD
2.40276E+11,3,2,-391,2022,LEHD LODES8 OD
2.40276E+11,4,4,-391,2022,LEHD LODES8 OD
2.40276E+11,5,6,-391,2022,LEHD LODES8 OD
2.40276E+11,1,330,-400,2022,LEHD LODES8 OD
2.40276E+11,10,0,-400,2022,LEHD LODES8 OD
2.40276E+11,11,4,-400,2022,LEHD LODES8 OD
2.40276E+11,2,36,-400,2022,LEHD LODES8 OD
2.40276E+11,3,4,-400,2022,LEHD LODES8 OD
2.40276E+11,4,6,-400,2022,LEHD LODES8 OD
2.40276E+11,5,2,-400,2022,LEHD LODES8 OD
2.40276E+11,6,17,-400,2022,LEHD LODES8 OD
2.40276E+11,7,1,-400,2022,LEHD LODES8 OD
2.40276E+11,9,0,-400,2022,LEHD LODES8 OD
2.40276E+11,1,485,-640,2022,LEHD LODES8 OD
2.40276E+11,2,103,-640,2022,LEHD LODES8 OD
2.40276E+11,3,30,-640,2022,LEHD LODES8 OD
2.40276E+11,4,10,-640,2022,LEHD LODES8 OD
2.40276E+11,5,5,-640,2022,LEHD LODES8 OD
2.40276E+11,6,3,-640,2022,LEHD LODES8 OD
2.40276E+11,7,4,-640,2022,LEHD LODES8 OD
2.40276E+11,1,463,-896,2022,LEHD LODES8 OD
2.40276E+11,10,27,-896,2022,LEHD LODES8 OD
2.40276E+11,11,12,-896,2022,LEHD LODES8 OD
2.40276E+11,13,6,-896,2022,LEHD LODES8 OD
2.40276E+11,17,24,-896,2022,LEHD LODES8 OD
2.40276E+11,18,10,-896,2022,LEHD LODES8 OD
2.40276E+11,2,196,-896,2022,LEHD LODES8 OD
2.40276E+11,3,48,-896,2022,LEHD LODES8 OD
2.40276E+11,4,45,-896,2022,LEHD LODES8 OD
2.40276E+11,5,38,-896,2022,LEHD LODES8 OD
2.40276E+11,6,10,-896,2022,LEHD LODES8 OD
2.40276E+11,7,2,-896,2022,LEHD LODES8 OD
2.40276E+11,8,7,-896,2022,LEHD LODES8 OD
2.40276E+11,9,8,-896,2022,LEHD LODES8 OD
2.40276E+11,1,339,-585,2022,LEHD LODES8 OD
2.40276E+11,10,0,-585,2022,LEHD LODES8 OD
2.40276E+11,11,0,-585,2022,LEHD LODES8 OD
2.40276E+11,12,8,-585,2022,LEHD LODES8 OD
2.40276E+11,2,109,-585,2022,LEHD LODES8 OD
2.40276E+11,3,55,-585,2022,LEHD LODES8 OD
2.40276E+11,4,41,-585,2022,LEHD LODES8 OD
2.40276E+11,6,11,-585,2022,LEHD LODES8 OD
2.40276E+11,7,6,-585,2022,LEHD LODES8 OD
2.40276E+11,8,16,-585,2022,LEHD LODES8 OD
2.40276E+11,1,402,-452,2022,LEHD LODES8 OD
2.40276E+11,2,32,-452,2022,LEHD LODES8 OD
2.40276E+11,3,0,-452,2022,LEHD LODES8 OD
2.40276E+11,4,10,-452,2022,LEHD LODES8 OD
2.40276E+11,5,4,-452,2022,LEHD LODES8 OD
2.40276E+11,7,4,-452,2022,LEHD LODES8 OD
2.40276E+11,1,555,-843,2022,LEHD LODES8 OD
2.40276E+11,10,0,-843,2022,LEHD LODES8 OD
2.40276E+11,12,1,-843,2022,LEHD LODES8 OD
2.40276E+11,13,1,-843,2022,LEHD LODES8 OD
2.40276E+11,14,4,-843,2022,LEHD LODES8 OD
2.40276E+11,15,4,-843,2022,LEHD LODES8 OD
2.40276E+11,18,18,-843,2022,LEHD LODES8 OD
2.40276E+11,19,18,-843,2022,LEHD LODES8 OD
2.40276E+11,2,102,-843,2022,LEHD LODES8 OD
2.40276E+11,3,26,-843,2022,LEHD LODES8 OD
2.40276E+11,4,37,-843,2022,LEHD LODES8 OD
2.40276E+11,5,29,-843,2022,LEHD LODES8 OD
2.40276E+11,6,24,-843,2022,LEHD LODES8 OD
2.40276E+11,7,4,-843,2022,LEHD LODES8 OD
2.40276E+11,8,10,-843,2022,LEHD LODES8 OD
2.40276E+11,9,10,-843,2022,LEHD LODES8 OD
2.40276E+11,1,120,-160,2022,LEHD LODES8 OD
2.40276E+11,2,24,-160,2022,LEHD LODES8 OD
2.40276E+11,3,4,-160,2022,LEHD LODES8 OD
2.40276E+11,4,2,-160,2022,LEHD LODES8 OD
2.40276E+11,5,2,-160,2022,LEHD LODES8 OD
2.40276E+11,6,4,-160,2022,LEHD LODES8 OD
2.40276E+11,8,4,-160,2022,LEHD LODES8 OD
2.40276E+11,1,695,-883,2022,LEHD LODES8 OD
2.40276E+11,2,93,-883,2022,LEHD LODES8 OD
2.40276E+11,3,32,-883,2022,LEHD LODES8 OD
2.40276E+11,4,29,-883,2022,LEHD LODES8 OD
2.40276E+11,5,6,-883,2022,LEHD LODES8 OD
2.40276E+11,6,16,-883,2022,LEHD LODES8 OD
2.40276E+11,7,3,-883,2022,LEHD LODES8 OD
2.40276E+11,8,1,-883,2022,LEHD LODES8 OD
2.40276E+11,9,8,-883,2022,LEHD LODES8 OD
2.40276E+11,1,382,-478,2022,LEHD LODES8 OD
2.40276E+11,2,55,-478,2022,LEHD LODES8 OD
2.40276E+11,3,31,-478,2022,LEHD LODES8 OD
2.40276E+11,4,4,-478,2022,LEHD LODES8 OD
2.40276E+11,5,4,-478,2022,LEHD LODES8 OD
2.40276E+11,6,2,-478,2022,LEHD LODES8 OD
2.40276E+11,1,528,-668,2022,LEHD LODES8 OD
2.40276E+11,10,4,-668,2022,LEHD LODES8 OD
2.40276E+11,13,12,-668,2022,LEHD LODES8 OD
2.40276E+11,2,75,-668,2022,LEHD LODES8 OD
2.40276E+11,3,28,-668,2022,LEHD LODES8 OD
2.40276E+11,4,14,-668,2022,LEHD LODES8 OD
2.40276E+11,5,5,-668,2022,LEHD LODES8 OD
2.40276E+11,6,0,-668,2022,LEHD LODES8 OD
2.40276E+11,8,2,-668,2022,LEHD LODES8 OD
2.40276E+11,1,258,-348,2022,LEHD LODES8 OD
2.40276E+11,2,46,-348,2022,LEHD LODES8 OD
2.40276E+11,3,6,-348,2022,LEHD LODES8 OD
2.40276E+11,4,14,-348,2022,LEHD LODES8 OD
2.40276E+11,5,4,-348,2022,LEHD LODES8 OD
2.40276E+11,7,20,-348,2022,LEHD LODES8 OD
2.40276E+11,1,226,-288,2022,LEHD LODES8 OD
2.40276E+11,16,12,-288,2022,LEHD LODES8 OD
2.40276E+11,2,28,-288,2022,LEHD LODES8 OD
2.40276E+11,3,22,-288,2022,LEHD LODES8 OD
2.40276E+11,4,0,-288,2022,LEHD LODES8 OD
2.40276E+11,1,388,-462,2022,LEHD LODES8 OD
2.40276E+11,13,12,-462,2022,LEHD LODES8 OD
2.40276E+11,2,42,-462,2022,LEHD LODES8 OD
2.40276E+11,3,12,-462,2022,LEHD LODES8 OD
2.40276E+11,4,8,-462,2022,LEHD LODES8 OD
2.40276E+11,5,0,-462,2022,LEHD LODES8 OD
2.40276E+11,6,0,-462,2022,LEHD LODES8 OD
2.40276E+11,1,241,-340,2022,LEHD LODES8 OD
2.40276E+11,2,81,-340,2022,LEHD LODES8 OD
2.40276E+11,3,6,-340,2022,LEHD LODES8 OD
2.40276E+11,4,0,-340,2022,LEHD LODES8 OD
2.40276E+11,9,12,-340,2022,LEHD LODES8 OD
2.40276E+11,1,249,-313,2022,LEHD LODES8 OD
2.40276E+11,11,0,-313,2022,LEHD LODES8 OD
2.40276E+11,2,14,-313,2022,LEHD LODES8 OD
2.40276E+11,3,24,-313,2022,LEHD LODES8 OD
2.40276E+11,4,15,-313,2022,LEHD LODES8 OD
2.40276E+11,5,5,-313,2022,LEHD LODES8 OD
2.40276E+11,6,3,-313,2022,LEHD LODES8 OD
2.40276E+11,7,3,-313,2022,LEHD LODES8 OD
2.40276E+11,9,0,-313,2022,LEHD LODES8 OD
2.40276E+11,1,273,-334,2022,LEHD LODES8 OD
2.40276E+11,11,8,-334,2022,LEHD LODES8 OD
2.40276E+11,2,41,-334,2022,LEHD LODES8 OD
2.40276E+11,3,12,-334,2022,LEHD LODES8 OD
2.40276E+11,1,442,-812,2022,LEHD LODES8 OD
2.40276E+11,10,0,-812,2022,LEHD LODES8 OD
2.40276E+11,11,1,-812,2022,LEHD LODES8 OD
2.40276E+11,12,1,-812,2022,LEHD LODES8 OD
2.40276E+11,15,1,-812,2022,LEHD LODES8 OD
2.40276E+11,2,128,-812,2022,LEHD LODES8 OD
2.40276E+11,3,74,-812,2022,LEHD LODES8 OD
2.40276E+11,32,16,-812,2022,LEHD LODES8 OD
2.40276E+11,33,16,-812,2022,LEHD LODES8 OD
2.40276E+11,4,8,-812,2022,LEHD LODES8 OD
2.40276E+11,5,79,-812,2022,LEHD LODES8 OD
2.40276E+11,6,30,-812,2022,LEHD LODES8 OD
2.40276E+11,7,11,-812,2022,LEHD LODES8 OD
2.40276E+11,8,4,-812,2022,LEHD LODES8 OD
2.40276E+11,9,1,-812,2022,LEHD LODES8 OD
2.40276E+11,1,618,-760,2022,LEHD LODES8 OD
2.40276E+11,14,4,-760,2022,LEHD LODES8 OD
2.40276E+11,15,4,-760,2022,LEHD LODES8 OD
2.40276E+11,2,74,-760,2022,LEHD LODES8 OD
2.40276E+11,3,28,-760,2022,LEHD LODES8 OD
2.40276E+11,4,10,-760,2022,LEHD LODES8 OD
2.40276E+11,5,4,-760,2022,LEHD LODES8 OD
2.40276E+11,6,12,-760,2022,LEHD LODES8 OD
2.40276E+11,7,4,-760,2022,LEHD LODES8 OD
2.40276E+11,8,1,-760,2022,LEHD LODES8 OD
2.40276E+11,9,1,-760,2022,LEHD LODES8 OD
2.40276E+11,1,150,-160,2022,LEHD LODES8 OD
2.40276E+11,2,4,-160,2022,LEHD LODES8 OD
2.40276E+11,3,2,-160,2022,LEHD LODES8 OD
2.40276E+11,4,0,-160,2022,LEHD LODES8 OD
2.40276E+11,6,0,-160,2022,LEHD LODES8 OD
2.40276E+11,7,4,-160,2022,LEHD LODES8 OD
2.40276E+11,1,338,-446,2022,LEHD LODES8 OD
2.40276E+11,14,12,-446,2022,LEHD LODES8 OD
2.40276E+11,17,20,-446,2022,LEHD LODES8 OD
2.40276E+11,2,34,-446,2022,LEHD LODES8 OD
2.40276E+11,3,30,-446,2022,LEHD LODES8 OD
2.40276E+11,4,8,-446,2022,LEHD LODES8 OD
2.40276E+11,5,0,-446,2022,LEHD LODES8 OD
2.40276E+11,6,4,-446,2022,LEHD LODES8 OD
2.40276E+11,7,0,-446,2022,LEHD LODES8 OD
2.40276E+11,8,0,-446,2022,LEHD LODES8 OD
2.40276E+11,1,505,-619,2022,LEHD LODES8 OD
2.40276E+11,10,3,-619,2022,LEHD LODES8 OD
2.40276E+11,13,4,-619,2022,LEHD LODES8 OD
2.40276E+11,2,56,-619,2022,LEHD LODES8 OD
2.40276E+11,3,28,-619,2022,LEHD LODES8 OD
2.40276E+11,4,8,-619,2022,LEHD LODES8 OD
2.40276E+11,5,0,-619,2022,LEHD LODES8 OD
2.40276E+11,6,14,-619,2022,LEHD LODES8 OD
2.40276E+11,9,1,-619,2022,LEHD LODES8 OD
2.40276E+11,1,172,-216,2022,LEHD LODES8 OD
2.40276E+11,2,26,-216,2022,LEHD LODES8 OD
2.40276E+11,3,6,-216,2022,LEHD LODES8 OD
2.40276E+11,5,4,-216,2022,LEHD LODES8 OD
2.40276E+11,6,4,-216,2022,LEHD LODES8 OD
2.40276E+11,9,4,-216,2022,LEHD LODES8 OD
2.40276E+11,1,436,-574,2022,LEHD LODES8 OD
2.40276E+11,19,20,-574,2022,LEHD LODES8 OD
2.40276E+11,2,41,-574,2022,LEHD LODES8 OD
2.40276E+11,3,17,-574,2022,LEHD LODES8 OD
2.40276E+11,4,18,-574,2022,LEHD LODES8 OD
2.40276E+11,5,4,-574,2022,LEHD LODES8 OD
2.40276E+11,6,26,-574,2022,LEHD LODES8 OD
2.40276E+11,7,6,-574,2022,LEHD LODES8 OD
2.40276E+11,8,5,-574,2022,LEHD LODES8 OD
2.40276E+11,9,1,-574,2022,LEHD LODES8 OD
2.40276E+11,1,463,-781,2022,LEHD LODES8 OD
2.40276E+11,15,10,-781,2022,LEHD LODES8 OD
2.40276E+11,16,9,-781,2022,LEHD LODES8 OD
2.40276E+11,17,2,-781,2022,LEHD LODES8 OD
2.40276E+11,18,1,-781,2022,LEHD LODES8 OD
2.40276E+11,2,122,-781,2022,LEHD LODES8 OD
2.40276E+11,20,16,-781,2022,LEHD LODES8 OD
2.40276E+11,3,38,-781,2022,LEHD LODES8 OD
2.40276E+11,4,15,-781,2022,LEHD LODES8 OD
2.40276E+11,5,37,-781,2022,LEHD LODES8 OD
2.40276E+11,6,8,-781,2022,LEHD LODES8 OD
2.40276E+11,7,32,-781,2022,LEHD LODES8 OD
2.40276E+11,8,0,-781,2022,LEHD LODES8 OD
2.40276E+11,9,28,-781,2022,LEHD LODES8 OD
2.40276E+11,1,358,-383,2022,LEHD LODES8 OD
2.40276E+11,2,25,-383,2022,LEHD LODES8 OD
2.40276E+11,3,0,-383,2022,LEHD LODES8 OD
2.40276E+11,1,418,-497,2022,LEHD LODES8 OD
2.40276E+11,2,52,-497,2022,LEHD LODES8 OD
2.40276E+11,3,15,-497,2022,LEHD LODES8 OD
2.40276E+11,4,12,-497,2022,LEHD LODES8 OD
2.40276E+11,1,561,-727,2022,LEHD LODES8 OD
2.40276E+11,2,106,-727,2022,LEHD LODES8 OD
2.40276E+11,3,26,-727,2022,LEHD LODES8 OD
2.40276E+11,4,18,-727,2022,LEHD LODES8 OD
2.40276E+11,5,12,-727,2022,LEHD LODES8 OD
2.40276E+11,8,4,-727,2022,LEHD LODES8 OD
2.40276E+11,1,420,-650,2022,LEHD LODES8 OD
2.40276E+11,2,117,-650,2022,LEHD LODES8 OD
2.40276E+11,3,54,-650,2022,LEHD LODES8 OD
2.40276E+11,4,15,-650,2022,LEHD LODES8 OD
2.40276E+11,5,4,-650,2022,LEHD LODES8 OD
2.40276E+11,6,12,-650,2022,LEHD LODES8 OD
2.40276E+11,7,16,-650,2022,LEHD LODES8 OD
2.40276E+11,8,12,-650,2022,LEHD LODES8 OD
2.40276E+11,1,416,-537,2022,LEHD LODES8 OD
2.40276E+11,2,57,-537,2022,LEHD LODES8 OD
2.40276E+11,3,32,-537,2022,LEHD LODES8 OD
2.40276E+11,4,12,-537,2022,LEHD LODES8 OD
2.40276E+11,5,12,-537,2022,LEHD LODES8 OD
2.40276E+11,6,0,-537,2022,LEHD LODES8 OD
2.40276E+11,7,8,-537,2022,LEHD LODES8 OD
2.40276E+11,1,398,-424,2022,LEHD LODES8 OD
2.40276E+11,2,14,-424,2022,LEHD LODES8 OD
2.40276E+11,4,12,-424,2022,LEHD LODES8 OD
2.40276E+11,1,444,-603,2022,LEHD LODES8 OD
2.40276E+11,2,88,-603,2022,LEHD LODES8 OD
2.40276E+11,3,42,-603,2022,LEHD LODES8 OD
2.40276E+11,4,12,-603,2022,LEHD LODES8 OD
2.40276E+11,5,0,-603,2022,LEHD LODES8 OD
2.40276E+11,6,1,-603,2022,LEHD LODES8 OD
2.40276E+11,8,2,-603,2022,LEHD LODES8 OD
2.40276E+11,9,14,-603,2022,LEHD LODES8 OD
2.40276E+11,1,557,-621,2022,LEHD LODES8 OD
2.40276E+11,2,42,-621,2022,LEHD LODES8 OD
2.40276E+11,3,6,-621,2022,LEHD LODES8 OD
2.40276E+11,4,4,-621,2022,LEHD LODES8 OD
2.40276E+11,5,8,-621,2022,LEHD LODES8 OD
2.40276E+11,6,0,-621,2022,LEHD LODES8 OD
2.40276E+11,7,4,-621,2022,LEHD LODES8 OD
2.40276E+11,1,667,-863,2022,LEHD LODES8 OD
2.40276E+11,10,8,-863,2022,LEHD LODES8 OD
2.40276E+11,13,8,-863,2022,LEHD LODES8 OD
2.40276E+11,2,134,-863,2022,LEHD LODES8 OD
2.40276E+11,3,16,-863,2022,LEHD LODES8 OD
2.40276E+11,4,12,-863,2022,LEHD LODES8 OD
2.40276E+11,5,4,-863,2022,LEHD LODES8 OD
2.40276E+11,6,2,-863,2022,LEHD LODES8 OD
2.40276E+11,7,0,-863,2022,LEHD LODES8 OD
2.40276E+11,8,4,-863,2022,LEHD LODES8 OD
2.40276E+11,9,8,-863,2022,LEHD LODES8 OD
2.40276E+11,1,592,-742,2022,LEHD LODES8 OD
2.40276E+11,10,4,-742,2022,LEHD LODES8 OD
2.40276E+11,2,112,-742,2022,LEHD LODES8 OD
2.40276E+11,3,22,-742,2022,LEHD LODES8 OD
2.40276E+11,4,8,-742,2022,LEHD LODES8 OD
2.40276E+11,7,4,-742,2022,LEHD LODES8 OD
2.40276E+11,1,539,-611,2022,LEHD LODES8 OD
2.40276E+11,2,36,-611,2022,LEHD LODES8 OD
2.40276E+11,3,19,-611,2022,LEHD LODES8 OD
2.40276E+11,4,13,-611,2022,LEHD LODES8 OD
2.40276E+11,5,4,-611,2022,LEHD LODES8 OD
2.40276E+11,1,470,-526,2022,LEHD LODES8 OD
2.40276E+11,2,44,-526,2022,LEHD LODES8 OD
2.40276E+11,3,0,-526,2022,LEHD LODES8 OD
2.40276E+11,4,10,-526,2022,LEHD LODES8 OD
2.40276E+11,5,2,-526,2022,LEHD LODES8 OD
2.40276E+11,1,647,-871,2022,LEHD LODES8 OD
2.40276E+11,2,136,-871,2022,LEHD LODES8 OD
2.40276E+11,3,36,-871,2022,LEHD LODES8 OD
2.40276E+11,4,26,-871,2022,LEHD LODES8 OD
2.40276E+11,5,8,-871,2022,LEHD LODES8 OD
2.40276E+11,6,8,-871,2022,LEHD LODES8 OD
2.40276E+11,7,0,-871,2022,LEHD LODES8 OD
2.40276E+11,9,10,-871,2022,LEHD LODES8 OD
2.40276E+11,1,677,-755,2022,LEHD LODES8 OD
2.40276E+11,2,64,-755,2022,LEHD LODES8 OD
2.40276E+11,3,0,-755,2022,LEHD LODES8 OD
2.40276E+11,4,4,-755,2022,LEHD LODES8 OD
2.40276E+11,5,4,-755,2022,LEHD LODES8 OD
2.40276E+11,6,2,-755,2022,LEHD LODES8 OD
2.40276E+11,7,4,-755,2022,LEHD LODES8 OD
2.40276E+11,1,428,-492,2022,LEHD LODES8 OD
2.40276E+11,2,42,-492,2022,LEHD LODES8 OD
2.40276E+11,3,8,-492,2022,LEHD LODES8 OD
2.40276E+11,4,10,-492,2022,LEHD LODES8 OD
2.40276E+11,5,4,-492,2022,LEHD LODES8 OD
2.40276E+11,1,626,-782,2022,LEHD LODES8 OD
2.40276E+11,11,5,-782,2022,LEHD LODES8 OD
2.40276E+11,2,70,-782,2022,LEHD LODES8 OD
2.40276E+11,3,34,-782,2022,LEHD LODES8 OD
2.40276E+11,4,34,-782,2022,LEHD LODES8 OD
2.40276E+11,5,8,-782,2022,LEHD LODES8 OD
2.40276E+11,7,0,-782,2022,LEHD LODES8 OD
2.40276E+11,8,4,-782,2022,LEHD LODES8 OD
2.40276E+11,9,1,-782,2022,LEHD LODES8 OD
