geo_id,county_name,children_under_2,children_2_to_5,children_total_under_5,children_total_under_5.1,pct_non_english_home,pct_all_parents_work,pct_parents_nontraditional_hours,pct_remote_work,pct_eligible_subsidy,median_household_income,poverty_level_ratio,data_year,bg,tract6,county,state,tract_geoid11,zip
2.40E+11,Block Group 1; Census Tract 6011.03; Howard County; Maryland,152,112,264,264,0,13.72%,9.47%,12.73%,2.01%,93205.55133,1.10199766,2023,1,601103,Howard County,Maryland,24027601103,21075
2.40E+11,Block Group 2; Census Tract 6011.03; Howard County; Maryland,48,36,84,84,0,4.37%,3.01%,4.05%,0.64%,29656.31179,0.350635619,2023,2,601103,Howard County,Maryland,24027601103,21075
2.40E+11,Block Group 3; Census Tract 6011.03; Howard County; Maryland,103,75,178,178,0,9.25%,6.38%,8.58%,1.35%,62843.13688,0.743013574,2023,3,601103,Howard County,Maryland,24027601103,21075
2.40E+11,Block Group 1; Census Tract 6011.04; Howard County; Maryland,128,93,221,221,0,17.02%,11.10%,22.46%,3.98%,170627.7266,1.822729784,2023,1,601104,Howard County,Maryland,24027601104,21043
2.40E+11,Block Group 2; Census Tract 6011.04; Howard County; Maryland,27,19,46,46,0,3.54%,2.31%,4.68%,0.83%,35515.27341,0.37939172,2023,2,601104,Howard County,Maryland,24027601104,21043
2.40E+11,Block Group 1; Census Tract 6011.05; Howard County; Maryland,169,124,293,293,0,17.56%,9.70%,22.90%,6.34%,118951.6477,1.700169072,2023,1,601105,Howard County,Maryland,24027601105,21043
2.40E+11,Block Group 2; Census Tract 6011.05; Howard County; Maryland,44,32,76,76,0,4.56%,2.52%,5.94%,1.64%,30854.3523,0.440999486,2023,2,601105,Howard County,Maryland,24027601105,21043
2.40E+11,Block Group 1; Census Tract 6011.07; Howard County; Maryland,210,154,364,364,0,22.11%,25.12%,14.16%,29.80%,79679.6,1.851707426,2023,1,601107,Howard County,Maryland,24027601107,21075
2.40E+11,Block Group 2; Census Tract 6011.07; Howard County; Maryland,9,7,16,16,0,0.97%,1.10%,0.62%,1.31%,3502.4,0.081393733,2023,2,601107,Howard County,Maryland,24027601107,21075
2.40E+11,Block Group 1; Census Tract 6011.08; Howard County; Maryland,24,17,41,41,0,33.33%,2.97%,5.83%,4.10%,45616.66667,0.717457329,2023,1,601108,Howard County,Maryland,24027601108,21075
2.40E+11,Block Group 2; Census Tract 6011.08; Howard County; Maryland,47,35,82,82,0,66.67%,5.94%,11.67%,8.20%,91233.33333,1.434914657,2023,2,601108,Howard County,Maryland,24027601108,21075
2.40E+11,Block Group 1; Census Tract 6012.03; Howard County; Maryland,462,339,801,801,0,54.20%,10.58%,20.08%,17.83%,111212.0521,1.590822723,2023,1,601203,Howard County,Maryland,24027601203,21075
2.40E+11,Block Group 2; Census Tract 6012.03; Howard County; Maryland,102,75,177,177,0,11.98%,2.34%,4.44%,3.94%,24574.94785,0.351530115,2023,2,601203,Howard County,Maryland,24027601203,21075
2.40E+11,Block Group 1; Census Tract 6012.04; Howard County; Maryland,141,103,244,244,0,70.52%,10.75%,18.74%,8.16%,106975.6647,1.483729608,2023,1,601204,Howard County,Maryland,24027601204,21076
2.40E+11,Block Group 2; Census Tract 6012.04; Howard County; Maryland,31,23,54,54,0,15.61%,2.38%,4.15%,1.81%,23674.9422,0.328366389,2023,2,601204,Howard County,Maryland,24027601204,21076
2.40E+11,Block Group 3; Census Tract 6012.04; Howard County; Maryland,28,20,48,48,0,13.87%,2.12%,3.69%,1.61%,21044.39306,0.291881234,2023,3,601204,Howard County,Maryland,24027601204,21076
2.40E+11,Block Group 1; Census Tract 6012.05; Howard County; Maryland,89,65,154,154,0,27.98%,11.50%,6.11%,6.88%,42135.48387,0.954194292,2023,1,601205,Howard County,Maryland,24027601205,21043
2.40E+11,Block Group 2; Census Tract 6012.05; Howard County; Maryland,56,41,97,97,0,17.62%,7.24%,3.85%,4.33%,26539.8827,0.601018483,2023,2,601205,Howard County,Maryland,24027601205,21043
2.40E+11,Block Group 3; Census Tract 6012.05; Howard County; Maryland,36,26,62,62,0,11.27%,4.63%,2.46%,2.77%,16963.63636,0.384156143,2023,3,601205,Howard County,Maryland,24027601205,21043
2.40E+11,Block Group 4; Census Tract 6012.05; Howard County; Maryland,16,12,28,28,0,5.09%,2.09%,1.11%,1.25%,7660.997067,0.173489871,2023,4,601205,Howard County,Maryland,24027601205,21043
2.40E+11,Block Group 1; Census Tract 6012.06; Howard County; Maryland,74,54,128,128,0,64.65%,11.10%,5.36%,4.87%,94440.08081,1.410183397,2023,1,601206,Howard County,Maryland,24027601206,21042
2.40E+11,Block Group 2; Census Tract 6012.06; Howard County; Maryland,40,30,70,70,0,35.35%,6.07%,2.93%,2.66%,51646.91919,0.771194045,2023,2,601206,Howard County,Maryland,24027601206,21042
2.40E+11,Block Group 1; Census Tract 6021; Howard County; Maryland,43,31,74,74,0,2.24%,1.32%,3.05%,0.47%,21764.74545,0.247581719,2023,1,602100,Howard County,Maryland,24027602100,21043
2.40E+11,Block Group 2; Census Tract 6021; Howard County; Maryland,108,79,187,187,0,5.66%,3.33%,7.71%,1.20%,55000.1,0.625645696,2023,2,602100,Howard County,Maryland,24027602100,21043
2.40E+11,Block Group 3; Census Tract 6021; Howard County; Maryland,19,14,33,33,0,1.00%,0.59%,1.36%,0.21%,9705.9,0.110408064,2023,3,602100,Howard County,Maryland,24027602100,21042
2.40E+11,Block Group 4; Census Tract 6021; Howard County; Maryland,211,155,366,366,0,11.08%,6.51%,15.09%,2.35%,107647.2545,1.224525801,2023,4,602100,Howard County,Maryland,24027602100,21042
2.40E+11,Block Group 1; Census Tract 6022.01; Howard County; Maryland,8,6,14,14,0,7.29%,1.68%,4.30%,1.48%,39712.4,0.39967553,2023,1,602201,Howard County,Maryland,24027602201,21042
2.40E+11,Block Group 2; Census Tract 6022.01; Howard County; Maryland,35,26,61,61,0,31.76%,7.32%,18.72%,6.46%,173032.6,1.741443379,2023,2,602201,Howard County,Maryland,24027602201,21042
2.40E+11,Block Group 1; Census Tract 6022.02; Howard County; Maryland,25,18,43,43,0,2.97%,2.32%,3.36%,2.06%,29423.03396,0.340789868,2023,1,602202,Howard County,Maryland,24027602202,21042
2.40E+11,Block Group 2; Census Tract 6022.02; Howard County; Maryland,40,30,70,70,0,4.84%,3.78%,5.47%,3.36%,47897.96226,0.554774204,2023,2,602202,Howard County,Maryland,24027602202,21042
2.40E+11,Block Group 3; Census Tract 6022.02; Howard County; Maryland,39,29,68,68,0,4.70%,3.67%,5.32%,3.26%,46529.44906,0.538923512,2023,3,602202,Howard County,Maryland,24027602202,21042
2.40E+11,Block Group 4; Census Tract 6022.02; Howard County; Maryland,48,36,84,84,0,5.81%,4.54%,6.57%,4.03%,57477.55472,0.665729045,2023,4,602202,Howard County,Maryland,24027602202,21042
2.40E+11,Block Group 1; Census Tract 6023.02; Howard County; Maryland,0,0,0,0,0,0.00%,0.00%,0.00%,0.00%,0,0,2023,1,602302,Howard County,Maryland,24027602302,21045
2.40E+11,Block Group 2; Census Tract 6023.02; Howard County; Maryland,107,79,186,186,0,32.37%,11.62%,7.63%,3.74%,80613.94083,1.196253084,2023,2,602302,Howard County,Maryland,24027602302,21045
2.40E+11,Block Group 3; Census Tract 6023.02; Howard County; Maryland,27,19,46,46,0,8.00%,2.87%,1.89%,0.93%,19936.78107,0.295847537,2023,3,602302,Howard County,Maryland,24027602302,21045
2.40E+11,Block Group 4; Census Tract 6023.02; Howard County; Maryland,61,45,106,106,0,18.44%,6.62%,4.35%,2.13%,45941.27811,0.681735628,2023,4,602302,Howard County,Maryland,24027602302,21045
2.40E+11,Block Group 1; Census Tract 6023.03; Howard County; Maryland,36,26,62,62,0,0.92%,2.56%,7.50%,0.70%,62125.15888,0.641471121,2023,1,602303,Howard County,Maryland,24027602303,21042
2.40E+11,Block Group 2; Census Tract 6023.03; Howard County; Maryland,28,21,49,49,0,0.73%,2.03%,5.93%,0.55%,49098.91589,0.506969112,2023,2,602303,Howard County,Maryland,24027602303,21042
2.40E+11,Block Group 3; Census Tract 6023.03; Howard County; Maryland,59,44,103,103,0,1.53%,4.26%,12.46%,1.17%,103207.9252,1.065669766,2023,3,602303,Howard County,Maryland,24027602303,21042
2.40E+11,Block Group 1; Census Tract 6023.04; Howard County; Maryland,47,35,82,82,0,11.37%,4.29%,10.31%,2.55%,78047.2963,0.824630954,2023,1,602304,Howard County,Maryland,24027602304,21042
2.40E+11,Block Group 2; Census Tract 6023.04; Howard County; Maryland,54,40,94,94,0,13.03%,4.92%,11.81%,2.93%,89468.85185,0.945308655,2023,2,602304,Howard County,Maryland,24027602304,21042
2.40E+11,Block Group 3; Census Tract 6023.04; Howard County; Maryland,23,17,40,40,0,5.55%,2.09%,5.03%,1.24%,38071.85185,0.402259002,2023,3,602304,Howard County,Maryland,24027602304,21042
2.40E+11,Block Group 1; Census Tract 6023.05; Howard County; Maryland,21,15,36,36,0,5.64%,3.61%,6.04%,1.46%,55863.48092,0.601942788,2023,1,602305,Howard County,Maryland,24027602305,21042
2.40E+11,Block Group 2; Census Tract 6023.05; Howard County; Maryland,55,40,95,95,0,14.89%,9.52%,15.93%,3.84%,147417.5191,1.588460134,2023,2,602305,Howard County,Maryland,24027602305,21042
2.40E+11,Block Group 1; Census Tract 6023.06; Howard County; Maryland,122,89,211,211,0,15.38%,5.28%,8.53%,2.80%,68852.47945,1.05801256,2023,1,602306,Howard County,Maryland,24027602306,21042
2.40E+11,Block Group 2; Census Tract 6023.06; Howard County; Maryland,51,37,88,88,0,6.42%,2.20%,3.56%,1.17%,28715.72603,0.441256423,2023,2,602306,Howard County,Maryland,24027602306,21042
2.40E+11,Block Group 3; Census Tract 6023.06; Howard County; Maryland,80,59,139,139,0,10.13%,3.48%,5.62%,1.85%,45357.79452,0.696984578,2023,3,602306,Howard County,Maryland,24027602306,21042
2.40E+11,Block Group 1; Census Tract 6026; Howard County; Maryland,35,26,61,61,0,17.58%,3.67%,4.38%,5.61%,12743.19885,0.337002039,2023,1,602600,Howard County,Maryland,24027602600,21043
2.40E+11,Block Group 2; Census Tract 6026; Howard County; Maryland,6,5,11,11,0,3.17%,0.66%,0.79%,1.01%,2297.95389,0.060770859,2023,2,602600,Howard County,Maryland,24027602600,21043
2.40E+11,Block Group 3; Census Tract 6026; Howard County; Maryland,32,23,55,55,0,15.85%,3.31%,3.95%,5.06%,11489.76945,0.303854297,2023,3,602600,Howard County,Maryland,24027602600,21043
2.40E+11,Block Group 4; Census Tract 6026; Howard County; Maryland,127,93,220,220,0,63.40%,13.23%,15.81%,20.22%,45959.07781,1.215417188,2023,4,602600,Howard County,Maryland,24027602600,21043
2.40E+11,Block Group 1; Census Tract 6027; Howard County; Maryland,39,28,67,67,0,15.99%,4.70%,9.79%,1.81%,77651.85795,0.832374912,2023,1,602700,Howard County,Maryland,24027602700,21043
2.40E+11,Block Group 2; Census Tract 6027; Howard County; Maryland,63,46,109,109,0,26.01%,7.65%,15.92%,2.94%,126329.142,1.35416217,2023,2,602700,Howard County,Maryland,24027602700,21043
2.40E+11,Block Group 1; Census Tract 6028; Howard County; Maryland,16,11,27,27,0,23.68%,4.87%,5.52%,3.41%,36848.60526,0.491227069,2023,1,602800,Howard County,Maryland,24027602800,21043
2.40E+11,Block Group 2; Census Tract 6028; Howard County; Maryland,0,0,0,0,0,0.00%,0.00%,0.00%,0.00%,0,0,2023,2,602800,Howard County,Maryland,24027602800,21043
2.40E+11,Block Group 3; Census Tract 6028; Howard County; Maryland,50,37,87,87,0,76.32%,15.70%,17.77%,10.99%,118734.3947,1.582842777,2023,3,602800,Howard County,Maryland,24027602800,21043
2.40E+11,Block Group 1; Census Tract 6029; Howard County; Maryland,58,42,100,100,0,36.20%,3.14%,11.38%,6.90%,39530.76923,0.954162249,2023,1,602900,Howard County,Maryland,24027602900,21043
2.40E+11,Block Group 2; Census Tract 6029; Howard County; Maryland,53,39,92,92,0,33.30%,2.89%,10.47%,6.35%,36368.30769,0.877829269,2023,2,602900,Howard County,Maryland,24027602900,21043
2.40E+11,Block Group 3; Census Tract 6029; Howard County; Maryland,17,12,29,29,0,10.50%,0.91%,3.30%,2.00%,11463.92308,0.276707052,2023,3,602900,Howard County,Maryland,24027602900,21043
2.40E+11,Block Group 1; Census Tract 6030.01; Howard County; Maryland,5,4,9,9,0,1.54%,0.71%,1.04%,0.53%,6585.032967,0.106706277,2023,1,603001,Howard County,Maryland,24027603001,21163
2.40E+11,Block Group 2; Census Tract 6030.01; Howard County; Maryland,40,29,69,69,0,11.78%,5.42%,8.01%,4.08%,50485.25275,0.818081455,2023,2,603001,Howard County,Maryland,24027603001,21163
2.40E+11,Block Group 3; Census Tract 6030.01; Howard County; Maryland,60,44,104,104,0,17.76%,8.17%,12.08%,6.15%,76093.71429,1.233050308,2023,3,603001,Howard County,Maryland,24027603001,21163
2.40E+11,Block Group 1; Census Tract 6030.03; Howard County; Maryland,139,102,241,241,0,9.32%,18.74%,22.81%,3.30%,130852.3047,1.555491006,2023,1,603003,Howard County,Maryland,24027603003,21738
2.40E+11,Block Group 2; Census Tract 6030.03; Howard County; Maryland,56,41,97,97,0,3.75%,7.54%,9.18%,1.33%,52666.69527,0.626068994,2023,2,603003,Howard County,Maryland,24027603003,21738
2.40E+11,Block Group 1; Census Tract 6030.04; Howard County; Maryland,61,44,105,105,0,7.24%,5.82%,8.59%,1.43%,58482.52618,0.604171585,2023,1,603004,Howard County,Maryland,24027603004,21042
2.40E+11,Block Group 2; Census Tract 6030.04; Howard County; Maryland,134,99,233,233,0,16.07%,12.92%,19.07%,3.17%,129775.5105,1.340685517,2023,2,603004,Howard County,Maryland,24027603004,21042
2.40E+11,Block Group 3; Census Tract 6030.04; Howard County; Maryland,25,19,44,44,0,3.03%,2.44%,3.60%,0.60%,24506.96335,0.253176664,2023,3,603004,Howard County,Maryland,24027603004,21042
2.40E+11,Block Group 1; Census Tract 6040.01; Howard County; Maryland,17,13,30,30,0,2.27%,3.69%,2.70%,1.16%,19347.92727,0.23420753,2023,1,604001,Howard County,Maryland,24027604001,21723
2.40E+11,Block Group 2; Census Tract 6040.01; Howard County; Maryland,6,4,10,10,0,0.76%,1.23%,0.90%,0.39%,6449.309091,0.078069177,2023,2,604001,Howard County,Maryland,24027604001,21723
2.40E+11,Block Group 3; Census Tract 6040.01; Howard County; Maryland,136,99,235,235,0,17.77%,28.88%,21.15%,9.12%,151558.7636,1.83462565,2023,3,604001,Howard County,Maryland,24027604001,21723
2.40E+11,Block Group 1; Census Tract 6040.03; Howard County; Maryland,130,96,226,226,0,20.35%,22.46%,21.41%,5.09%,145237.2372,1.445052718,2023,1,604003,Howard County,Maryland,24027604003,21045
2.40E+11,Block Group 2; Census Tract 6040.03; Howard County; Maryland,8,5,13,13,0,1.17%,1.29%,1.23%,0.29%,8354.354354,0.083122501,2023,2,604003,Howard County,Maryland,24027604003,21045
2.40E+11,Block Group 3; Census Tract 6040.03; Howard County; Maryland,54,40,94,94,0,8.46%,9.34%,8.91%,2.12%,60408.40841,0.601039626,2023,3,604003,Howard County,Maryland,24027604003,21045
2.40E+11,Block Group 1; Census Tract 6040.04; Howard County; Maryland,44,33,77,77,0,3.11%,5.20%,7.23%,1.92%,76389.19444,0.670928038,2023,1,604004,Howard County,Maryland,24027604004,21046
2.40E+11,Block Group 2; Census Tract 6040.04; Howard County; Maryland,101,74,175,175,0,7.08%,11.82%,16.43%,4.36%,173611.8056,1.524836451,2023,2,604004,Howard County,Maryland,24027604004,21046
2.40E+11,Block Group 1; Census Tract 6051.03; Howard County; Maryland,55,41,96,96,0,5.32%,10.36%,16.69%,1.57%,147542,1.480299769,2023,1,605103,Howard County,Maryland,24027605103,21043
2.40E+11,Block Group 2; Census Tract 6051.03; Howard County; Maryland,28,20,48,48,0,2.66%,5.18%,8.35%,0.78%,73771,0.740149884,2023,2,605103,Howard County,Maryland,24027605103,21036
2.40E+11,Block Group 1; Census Tract 6051.04; Howard County; Maryland,102,75,177,177,0,17.56%,7.92%,18.15%,2.79%,146040.1881,1.28202748,2023,1,605104,Howard County,Maryland,24027605104,21029
2.40E+11,Block Group 2; Census Tract 6051.04; Howard County; Maryland,73,53,126,126,0,12.50%,5.64%,12.92%,1.99%,103960.8119,0.912629732,2023,2,605104,Howard County,Maryland,24027605104,21029
2.40E+11,Block Group 1; Census Tract 6051.05; Howard County; Maryland,134,98,232,232,0,12.44%,3.28%,13.81%,0.45%,105831.3697,1.05084622,2023,1,605105,Howard County,Maryland,24027605105,20723
2.40E+11,Block Group 2; Census Tract 6051.05; Howard County; Maryland,0,0,0,0,0,0.00%,0.00%,0.00%,0.00%,0,0,2023,2,605105,Howard County,Maryland,24027605105,20723
2.40E+11,Block Group 3; Census Tract 6051.05; Howard County; Maryland,152,111,263,263,0,14.10%,3.71%,15.65%,0.50%,119972.6303,1.191261017,2023,3,605105,Howard County,Maryland,24027605105,20723
2.40E+11,Block Group 1; Census Tract 6051.06; Howard County; Maryland,37,27,64,64,0,7.92%,5.08%,6.56%,1.63%,78488.38095,0.736326177,2023,1,605106,Howard County,Maryland,24027605106,20723
2.40E+11,Block Group 2; Census Tract 6051.06; Howard County; Maryland,72,53,125,125,0,15.46%,9.91%,12.81%,3.19%,153297.619,1.438137064,2023,2,605106,Howard County,Maryland,24027605106,20723
2.40E+11,Block Group 1; Census Tract 6054.01; Howard County; Maryland,65,47,112,112,0,22.02%,6.12%,9.99%,4.36%,42678.61111,0.821892963,2023,1,605401,Howard County,Maryland,24027605401,21043
2.40E+11,Block Group 2; Census Tract 6054.01; Howard County; Maryland,22,16,38,38,0,7.47%,2.08%,3.39%,1.48%,14480.24306,0.278856541,2023,2,605401,Howard County,Maryland,24027605401,21043
2.40E+11,Block Group 3; Census Tract 6054.01; Howard County; Maryland,17,13,30,30,0,5.90%,1.64%,2.68%,1.17%,11431.77083,0.220149901,2023,3,605401,Howard County,Maryland,24027605401,21043
2.40E+11,Block Group 4; Census Tract 6054.01; Howard County; Maryland,62,46,108,108,0,21.24%,5.90%,9.64%,4.21%,41154.375,0.792539643,2023,4,605401,Howard County,Maryland,24027605401,21043
2.40E+11,Block Group 1; Census Tract 6054.03; Howard County; Maryland,46,33,79,79,0,48.54%,9.46%,12.13%,12.51%,68807.80303,1.201818122,2023,1,605403,Howard County,Maryland,24027605403,20759
2.40E+11,Block Group 2; Census Tract 6054.03; Howard County; Maryland,31,22,53,53,0,32.56%,6.34%,8.14%,8.39%,46162.19697,0.806283044,2023,2,605403,Howard County,Maryland,24027605403,20759
2.40E+11,Block Group 1; Census Tract 6054.04; Howard County; Maryland,0,0,0,0,0,0.00%,0.00%,0.00%,0.00%,0,0,2023,1,605404,Howard County,Maryland,24027605404,20777
2.40E+11,Block Group 2; Census Tract 6054.04; Howard County; Maryland,10,7,17,17,0,35.42%,4.60%,6.91%,3.08%,45274.1875,0.74425453,2023,2,605404,Howard County,Maryland,24027605404,20777
2.40E+11,Block Group 3; Census Tract 6054.04; Howard County; Maryland,18,13,31,31,0,64.58%,8.40%,12.60%,5.62%,82558.8125,1.357170026,2023,3,605404,Howard County,Maryland,24027605404,20777
2.40E+11,Block Group 1; Census Tract 6055.02; Howard County; Maryland,50,36,86,86,0,24.50%,8.65%,10.91%,4.77%,44544.81481,0.74497862,2023,1,605502,Howard County,Maryland,24027605502,21044
2.40E+11,Block Group 2; Census Tract 6055.02; Howard County; Maryland,0,0,0,0,0,0.00%,0.00%,0.00%,0.00%,0,0,2023,2,605502,Howard County,Maryland,24027605502,21044
2.40E+11,Block Group 3; Census Tract 6055.02; Howard County; Maryland,91,66,157,157,0,44.73%,15.80%,19.91%,8.71%,81320.18519,1.360019108,2023,3,605502,Howard County,Maryland,24027605502,21044
2.40E+11,Block Group 1; Census Tract 6055.03; Howard County; Maryland,110,80,190,190,0,60.32%,12.58%,11.84%,12.77%,63227.1746,1.162480034,2023,1,605503,Howard County,Maryland,24027605503,21044
2.40E+11,Block Group 2; Census Tract 6055.03; Howard County; Maryland,0,0,0,0,0,0.00%,0.00%,0.00%,0.00%,0,0,2023,2,605503,Howard County,Maryland,24027605503,21044
2.40E+11,Block Group 3; Census Tract 6055.03; Howard County; Maryland,36,26,62,62,0,19.68%,4.11%,3.86%,4.17%,20632.0254,0.37933559,2023,3,605503,Howard County,Maryland,24027605503,21044
2.40E+11,Block Group 4; Census Tract 6055.03; Howard County; Maryland,36,27,63,63,0,20.00%,4.17%,3.93%,4.24%,20964.8,0.385453906,2023,4,605503,Howard County,Maryland,24027605503,21044
2.40E+11,Block Group 1; Census Tract 6055.04; Howard County; Maryland,25,18,43,43,0,25.34%,19.00%,20.35%,0.82%,250001,2.235589265,2023,1,605504,Howard County,Maryland,24027605504,21044
2.40E+11,Block Group 1; Census Tract 6055.05; Howard County; Maryland,31,22,53,53,0,10.22%,2.24%,6.83%,1.15%,52789.05578,0.466520893,2023,1,605505,Howard County,Maryland,24027605505,21029
2.40E+11,Block Group 2; Census Tract 6055.05; Howard County; Maryland,18,13,31,31,0,5.98%,1.31%,4.00%,0.67%,30876.61753,0.272870711,2023,2,605505,Howard County,Maryland,24027605505,21029
2.40E+11,Block Group 3; Census Tract 6055.05; Howard County; Maryland,96,71,167,167,0,32.19%,7.07%,21.53%,3.61%,166335.3267,1.469980927,2023,3,605505,Howard County,Maryland,24027605505,21029
2.40E+11,Block Group 1; Census Tract 6056.01; Howard County; Maryland,50,36,86,86,0,20.53%,5.23%,4.19%,3.15%,26817.22196,0.418995282,2023,1,605601,Howard County,Maryland,24027605601,21044
2.40E+11,Block Group 2; Census Tract 6056.01; Howard County; Maryland,69,50,119,119,0,28.40%,7.24%,5.79%,4.35%,37107.55131,0.579772542,2023,2,605601,Howard County,Maryland,24027605601,21044
2.40E+11,Block Group 3; Census Tract 6056.01; Howard County; Maryland,13,9,22,22,0,5.25%,1.34%,1.07%,0.80%,6860.21957,0.10718484,2023,3,605601,Howard County,Maryland,24027605601,21044
2.40E+11,Block Group 4; Census Tract 6056.01; Howard County; Maryland,111,81,192,192,0,45.82%,11.68%,9.35%,7.02%,59871.00716,0.935431328,2023,4,605601,Howard County,Maryland,24027605601,21044
2.40E+11,Block Group 1; Census Tract 6056.02; Howard County; Maryland,32,24,56,56,0,12.76%,5.30%,6.66%,2.37%,49310.78534,0.631130652,2023,1,605602,Howard County,Maryland,24027605602,21044
2.40E+11,Block Group 2; Census Tract 6056.02; Howard County; Maryland,45,33,78,78,0,17.78%,7.38%,9.28%,3.30%,68682.87958,0.879074837,2023,2,605602,Howard County,Maryland,24027605602,21044
2.40E+11,Block Group 3; Census Tract 6056.02; Howard County; Maryland,5,4,9,9,0,2.05%,0.85%,1.07%,0.38%,7924.947644,0.101431712,2023,3,605602,Howard County,Maryland,24027605602,21044
2.40E+11,Block Group 4; Census Tract 6056.02; Howard County; Maryland,28,20,48,48,0,10.94%,4.54%,5.71%,2.03%,42266.38743,0.540969131,2023,4,605602,Howard County,Maryland,24027605602,21044
2.40E+11,Block Group 5; Census Tract 6056.02; Howard County; Maryland,0,0,0,0,0,0.00%,0.00%,0.00%,0.00%,0,0,2023,5,605602,Howard County,Maryland,24027605602,21044
2.40E+11,Block Group 1; Census Tract 6066.01; Howard County; Maryland,158,115,273,273,0,25.54%,19.31%,17.54%,8.22%,147610,2.137884722,2023,1,606601,Howard County,Maryland,24027606601,21045
2.40E+11,Block Group 1; Census Tract 6066.03; Howard County; Maryland,194,142,336,336,0,27.84%,9.38%,13.78%,13.87%,46713.40206,0.978528153,2023,1,606603,Howard County,Maryland,24027606603,21045
2.40E+11,Block Group 2; Census Tract 6066.03; Howard County; Maryland,47,34,81,81,0,6.71%,2.26%,3.32%,3.34%,11261.26657,0.23589518,2023,2,606603,Howard County,Maryland,24027606603,21045
2.40E+11,Block Group 3; Census Tract 6066.03; Howard County; Maryland,73,53,126,126,0,10.44%,3.52%,5.17%,5.20%,17517.52577,0.366948058,2023,3,606603,Howard County,Maryland,24027606603,21045
2.40E+11,Block Group 4; Census Tract 6066.03; Howard County; Maryland,78,58,136,136,0,11.27%,3.80%,5.58%,5.61%,18907.8056,0.396070919,2023,4,606603,Howard County,Maryland,24027606603,21045
2.40E+11,Block Group 1; Census Tract 6066.04; Howard County; Maryland,125,91,216,216,0,56.84%,10.79%,9.23%,12.30%,74338.67368,1.139358811,2023,1,606604,Howard County,Maryland,24027606604,21045
2.40E+11,Block Group 2; Census Tract 6066.04; Howard County; Maryland,95,69,164,164,0,43.16%,8.19%,7.01%,9.34%,56442.32632,0.865068727,2023,2,606604,Howard County,Maryland,24027606604,21045
2.40E+11,Block Group 1; Census Tract 6066.06; Howard County; Maryland,107,79,186,186,0,44.36%,8.42%,9.14%,11.08%,44357.44262,0.993169911,2023,1,606606,Howard County,Maryland,24027606606,21045
2.40E+11,Block Group 2; Census Tract 6066.06; Howard County; Maryland,104,76,180,180,0,42.93%,8.15%,8.84%,10.72%,42926.55738,0.961132172,2023,2,606606,Howard County,Maryland,24027606606,21045
2.40E+11,Block Group 1; Census Tract 6066.07; Howard County; Maryland,28,20,48,48,0,15.47%,2.71%,5.41%,3.01%,35190.89109,0.504920968,2023,1,606607,Howard County,Maryland,24027606607,21045
2.40E+11,Block Group 2; Census Tract 6066.07; Howard County; Maryland,59,44,103,103,0,33.20%,5.82%,11.61%,6.45%,75513.78713,1.083476244,2023,2,606607,Howard County,Maryland,24027606607,21045
2.40E+11,Block Group 3; Census Tract 6066.07; Howard County; Maryland,29,22,51,51,0,16.44%,2.88%,5.75%,3.19%,37390.32178,0.536478529,2023,3,606607,Howard County,Maryland,24027606607,21045
2.40E+11,Block Group 1; Census Tract 6067.01; Howard County; Maryland,71,52,123,123,0,44.41%,7.55%,15.37%,9.89%,111710.1449,1.15715788,2023,1,606701,Howard County,Maryland,24027606701,21046
2.40E+11,Block Group 2; Census Tract 6067.01; Howard County; Maryland,48,36,84,84,0,30.33%,5.15%,10.50%,6.76%,76289.85507,0.790254162,2023,2,606701,Howard County,Maryland,24027606701,21046
2.40E+11,Block Group 1; Census Tract 6067.04; Howard County; Maryland,26,19,45,45,0,13.80%,3.70%,4.46%,3.05%,15171.7638,0.275312621,2023,1,606704,Howard County,Maryland,24027606704,21045
2.40E+11,Block Group 2; Census Tract 6067.04; Howard County; Maryland,162,119,281,281,0,86.20%,23.11%,27.86%,19.05%,94739.2362,1.719174367,2023,2,606704,Howard County,Maryland,24027606704,21045
2.40E+11,Block Group 3; Census Tract 6067.04; Howard County; Maryland,0,0,0,0,0,0.00%,0.00%,0.00%,0.00%,0,0,2023,3,606704,Howard County,Maryland,24027606704,21045
2.40E+11,Block Group 1; Census Tract 6067.06; Howard County; Maryland,79,58,137,137,0,6.62%,7.80%,13.21%,11.30%,111473.4924,1.453279852,2023,1,606706,Howard County,Maryland,24027606706,21045
2.40E+11,Block Group 2; Census Tract 6067.06; Howard County; Maryland,23,16,39,39,0,1.88%,2.22%,3.76%,3.22%,31733.32995,0.413707403,2023,2,606706,Howard County,Maryland,24027606706,21045
2.40E+11,Block Group 3; Census Tract 6067.06; Howard County; Maryland,12,9,21,21,0,1.01%,1.20%,2.02%,1.73%,17087.17766,0.222765525,2023,3,606706,Howard County,Maryland,24027606706,21045
2.40E+11,Block Group 1; Census Tract 6067.08; Howard County; Maryland,125,91,216,216,0,18.25%,4.07%,7.17%,14.17%,49711.72354,0.870239473,2023,1,606708,Howard County,Maryland,24027606708,21029
2.40E+11,Block Group 2; Census Tract 6067.08; Howard County; Maryland,0,0,0,0,0,0.00%,0.00%,0.00%,0.00%,0,0,2023,2,606708,Howard County,Maryland,24027606708,21029
2.40E+11,Block Group 3; Census Tract 6067.08; Howard County; Maryland,143,104,247,247,0,20.87%,4.65%,8.20%,16.20%,56846.27646,0.995134952,2023,3,606708,Howard County,Maryland,24027606708,21029
2.40E+11,Block Group 1; Census Tract 6068.03; Howard County; Maryland,51,37,88,88,0,17.58%,3.84%,2.51%,1.81%,22196.68454,0.385817192,2023,1,606803,Howard County,Maryland,24027606803,21046
2.40E+11,Block Group 2; Census Tract 6068.03; Howard County; Maryland,17,12,29,29,0,5.79%,1.27%,0.83%,0.60%,7314.816495,0.127144302,2023,2,606803,Howard County,Maryland,24027606803,21046
2.40E+11,Block Group 3; Census Tract 6068.03; Howard County; Maryland,93,68,161,161,0,32.16%,7.03%,4.60%,3.31%,40609.8433,0.70587009,2023,3,606803,Howard County,Maryland,24027606803,21046
2.40E+11,Block Group 4; Census Tract 6068.03; Howard County; Maryland,77,57,134,134,0,26.77%,5.85%,3.83%,2.75%,33799.49691,0.58749436,2023,4,606803,Howard County,Maryland,24027606803,21046
2.40E+11,Block Group 5; Census Tract 6068.03; Howard County; Maryland,42,31,73,73,0,14.58%,3.19%,2.09%,1.50%,18413.15876,0.320052898,2023,5,606803,Howard County,Maryland,24027606803,21046
2.40E+11,Block Group 1; Census Tract 6068.04; Howard County; Maryland,8,6,14,14,0,0.67%,1.39%,1.83%,0.63%,14390.66667,0.182767766,2023,1,606804,Howard County,Maryland,24027606804,21046
2.40E+11,Block Group 2; Census Tract 6068.04; Howard County; Maryland,89,65,154,154,0,7.33%,15.34%,20.14%,6.89%,158297.3333,2.010445431,2023,2,606804,Howard County,Maryland,24027606804,21046
2.40E+11,Block Group 1; Census Tract 6068.05; Howard County; Maryland,81,59,140,140,0,16.60%,5.20%,15.22%,2.58%,103663.6364,1.11881011,2023,1,606805,Howard County,Maryland,24027606805,20723
2.40E+11,Block Group 2; Census Tract 6068.05; Howard County; Maryland,39,28,67,67,0,7.94%,2.49%,7.28%,1.24%,49610.45455,0.535430553,2023,2,606805,Howard County,Maryland,24027606805,20723
2.40E+11,Block Group 3; Census Tract 6068.05; Howard County; Maryland,39,29,68,68,0,8.06%,2.52%,7.39%,1.25%,50350.90909,0.543422053,2023,3,606805,Howard County,Maryland,24027606805,20723
2.40E+11,Block Group 1; Census Tract 6068.07; Howard County; Maryland,118,86,204,204,0,23.81%,12.39%,36.55%,0.80%,241648,2.239436918,2023,1,606807,Howard County,Maryland,24027606807,21044
2.40E+11,Block Group 1; Census Tract 6068.08; Howard County; Maryland,17,12,29,29,0,13.74%,3.12%,3.50%,0.80%,25048.30332,0.299006014,2023,1,606808,Howard County,Maryland,24027606808,21044
2.40E+11,Block Group 2; Census Tract 6068.08; Howard County; Maryland,83,60,143,143,0,67.77%,15.37%,17.24%,3.94%,123514.0474,1.474408964,2023,2,606808,Howard County,Maryland,24027606808,21044
2.40E+11,Block Group 3; Census Tract 6068.08; Howard County; Maryland,23,16,39,39,0,18.48%,4.19%,4.70%,1.07%,33685.64929,0.402111536,2023,3,606808,Howard County,Maryland,24027606808,21044
2.40E+11,Block Group 1; Census Tract 6069.01; Howard County; Maryland,0,0,0,0,0,0.00%,0.00%,0.00%,0.00%,0,0,2023,1,606901,Howard County,Maryland,24027606901,20794
2.40E+11,Block Group 2; Census Tract 6069.01; Howard County; Maryland,18,14,32,32,0,6.50%,2.37%,1.62%,1.70%,8460.529101,0.16742634,2023,2,606901,Howard County,Maryland,24027606901,20794
2.40E+11,Block Group 3; Census Tract 6069.01; Howard County; Maryland,77,57,134,134,0,27.20%,9.92%,6.80%,7.11%,35428.46561,0.7010978,2023,3,606901,Howard County,Maryland,24027606901,20794
2.40E+11,Block Group 4; Census Tract 6069.01; Howard County; Maryland,122,90,212,212,0,43.03%,15.69%,10.75%,11.25%,56051.00529,1.109199504,2023,4,606901,Howard County,Maryland,24027606901,20794
2.40E+11,Block Group 1; Census Tract 6069.04; Howard County; Maryland,52,38,90,90,0,47.62%,7.27%,8.18%,5.75%,50595.2381,1.008599296,2023,1,606904,Howard County,Maryland,24027606904,20723
2.40E+11,Block Group 2; Census Tract 6069.04; Howard County; Maryland,16,11,27,27,0,14.29%,2.18%,2.46%,1.73%,15178.57143,0.302579789,2023,2,606904,Howard County,Maryland,24027606904,20723
2.40E+11,Block Group 3; Census Tract 6069.04; Howard County; Maryland,42,30,72,72,0,38.10%,5.81%,6.55%,4.60%,40476.19048,0.806879437,2023,3,606904,Howard County,Maryland,24027606904,20723
2.40E+11,Block Group 1; Census Tract 6069.05; Howard County; Maryland,18,14,32,32,0,0.95%,0.53%,1.26%,0.87%,6466.848967,0.103642774,2023,1,606905,Howard County,Maryland,24027606905,20794
2.40E+11,Block Group 2; Census Tract 6069.05; Howard County; Maryland,146,107,253,253,0,7.54%,4.21%,9.97%,6.85%,51128.52464,0.819425684,2023,2,606905,Howard County,Maryland,24027606905,20794
2.40E+11,Block Group 3; Census Tract 6069.05; Howard County; Maryland,199,145,344,344,0,10.25%,5.72%,13.55%,9.31%,69518.62639,1.114159823,2023,3,606905,Howard County,Maryland,24027606905,20794
2.40E+11,Block Group 1; Census Tract 6069.06; Howard County; Maryland,74,55,129,129,0,23.95%,8.31%,5.42%,4.61%,32596.02664,0.560684941,2023,1,606906,Howard County,Maryland,24027606906,20723
2.40E+11,Block Group 2; Census Tract 6069.06; Howard County; Maryland,68,49,117,117,0,21.72%,7.54%,4.92%,4.19%,29563.83811,0.508528202,2023,2,606906,Howard County,Maryland,24027606906,20723
2.40E+11,Block Group 3; Census Tract 6069.06; Howard County; Maryland,140,102,242,242,0,44.92%,15.59%,10.17%,8.66%,61149.13525,1.051827564,2023,3,606906,Howard County,Maryland,24027606906,20723
2.40E+11,Block Group 1; Census Tract 6069.07; Howard County; Maryland,66,48,114,114,0,5.29%,4.02%,1.65%,1.71%,12160.91566,0.292183957,2023,1,606907,Howard County,Maryland,24027606907,20723
2.40E+11,Block Group 2; Census Tract 6069.07; Howard County; Maryland,212,155,367,367,0,17.04%,12.94%,5.31%,5.50%,39149.61446,0.9406273,2023,2,606907,Howard County,Maryland,24027606907,20723
2.40E+11,Block Group 3; Census Tract 6069.07; Howard County; Maryland,201,148,349,349,0,16.20%,12.31%,5.05%,5.23%,37229.46988,0.894492991,2023,3,606907,Howard County,Maryland,24027606907,20723
2.40E+11,Block Group 1; Census Tract 6011.03; Howard County; Maryland,158,118,276,276,0,21.02%,9.70%,9.39%,2.74%,95811.26829,1.223309226,2022,1,601103,Howard County,Maryland,24027601103,21075
2.40E+11,Block Group 2; Census Tract 6011.03; Howard County; Maryland,53,39,92,92,0,7.01%,3.23%,3.13%,0.91%,31937.08943,0.407769742,2022,2,601103,Howard County,Maryland,24027601103,21075
2.40E+11,Block Group 3; Census Tract 6011.03; Howard County; Maryland,71,53,124,124,0,9.44%,4.36%,4.22%,1.23%,43045.64228,0.549602696,2022,3,601103,Howard County,Maryland,24027601103,21075
2.40E+11,Block Group 1; Census Tract 6011.04; Howard County; Maryland,110,81,191,191,0,7.26%,8.64%,17.37%,4.33%,161724.3941,1.777698687,2022,1,601104,Howard County,Maryland,24027601104,21043
2.40E+11,Block Group 2; Census Tract 6011.04; Howard County; Maryland,26,19,45,45,0,1.71%,2.04%,4.09%,1.02%,38102.60593,0.418829533,2022,2,601104,Howard County,Maryland,24027601104,21043
2.40E+11,Block Group 1; Census Tract 6011.05; Howard County; Maryland,160,119,279,279,0,25.53%,10.75%,20.94%,6.50%,135749.099,1.900338653,2022,1,601105,Howard County,Maryland,24027601105,21043
2.40E+11,Block Group 2; Census Tract 6011.05; Howard County; Maryland,20,14,34,34,0,3.11%,1.31%,2.55%,0.79%,16542.90096,0.231582488,2022,2,601105,Howard County,Maryland,24027601105,21043
2.40E+11,Block Group 1; Census Tract 6011.07; Howard County; Maryland,160,118,278,278,0,25.17%,19.93%,11.78%,26.59%,66291.28652,1.487339736,2022,1,601107,Howard County,Maryland,24027601107,21075
2.40E+11,Block Group 2; Census Tract 6011.07; Howard County; Maryland,45,33,78,78,0,7.06%,5.59%,3.30%,7.46%,18599.71348,0.417311149,2022,2,601107,Howard County,Maryland,24027601107,21075
2.40E+11,Block Group 1; Census Tract 6011.08; Howard County; Maryland,49,36,85,85,0,54.26%,5.23%,8.67%,9.33%,77119.93333,1.192739185,2022,1,601108,Howard County,Maryland,24027601108,21075
2.40E+11,Block Group 2; Census Tract 6011.08; Howard County; Maryland,37,28,65,65,0,41.49%,4.00%,6.63%,7.13%,58974.06667,0.912094671,2022,2,601108,Howard County,Maryland,24027601108,21075
2.40E+11,Block Group 1; Census Tract 6012.03; Howard County; Maryland,480,356,836,836,0,31.67%,9.73%,14.89%,18.89%,96937.2963,1.489705752,2022,1,601203,Howard County,Maryland,24027601203,21075
2.40E+11,Block Group 2; Census Tract 6012.03; Howard County; Maryland,140,104,244,244,0,9.24%,2.84%,4.35%,5.51%,28292.7037,0.434794502,2022,2,601203,Howard County,Maryland,24027601203,21075
2.40E+11,Block Group 1; Census Tract 6012.04; Howard County; Maryland,127,94,221,221,0,52.12%,7.75%,11.09%,7.09%,70839.88208,1.081599156,2022,1,601204,Howard County,Maryland,24027601204,21076
2.40E+11,Block Group 2; Census Tract 6012.04; Howard County; Maryland,96,71,167,167,0,39.39%,5.85%,8.38%,5.36%,53530.58962,0.817317009,2022,2,601204,Howard County,Maryland,24027601204,21076
2.40E+11,Block Group 3; Census Tract 6012.04; Howard County; Maryland,21,15,36,36,0,8.49%,1.26%,1.81%,1.15%,11539.5283,0.176188098,2022,3,601204,Howard County,Maryland,24027601204,21076
2.40E+11,Block Group 1; Census Tract 6012.05; Howard County; Maryland,91,68,159,159,0,25.65%,11.07%,3.63%,5.45%,43302.93539,0.959427707,2022,1,601205,Howard County,Maryland,24027601205,
2.40E+11,Block Group 2; Census Tract 6012.05; Howard County; Maryland,34,25,59,59,0,9.52%,4.11%,1.35%,2.02%,16068.38483,0.356014055,2022,2,601205,Howard County,Maryland,24027601205,
2.40E+11,Block Group 3; Census Tract 6012.05; Howard County; Maryland,44,32,76,76,0,12.26%,5.29%,1.73%,2.60%,20698.25843,0.458594376,2022,3,601205,Howard County,Maryland,24027601205,
2.40E+11,Block Group 4; Census Tract 6012.05; Howard County; Maryland,36,26,62,62,0,10.00%,4.32%,1.42%,2.12%,16885.42135,0.374116464,2022,4,601205,Howard County,Maryland,24027601205,
2.40E+11,Block Group 1; Census Tract 6012.06; Howard County; Maryland,64,48,112,112,0,62.92%,10.44%,5.33%,8.63%,100150.0225,1.330228099,2022,1,601206,Howard County,Maryland,24027601206,
2.40E+11,Block Group 2; Census Tract 6012.06; Howard County; Maryland,38,28,66,66,0,37.08%,6.15%,3.14%,5.08%,59016.97753,0.783884415,2022,2,601206,Howard County,Maryland,24027601206,
2.40E+11,Block Group 1; Census Tract 6021; Howard County; Maryland,18,14,32,32,0,0.97%,0.57%,1.24%,0.22%,9936.351097,0.110384076,2022,1,602100,Howard County,Maryland,24027602100,21042
2.40E+11,Block Group 2; Census Tract 6021; Howard County; Maryland,119,89,208,208,0,6.32%,3.71%,8.03%,1.44%,64586.28213,0.717496495,2022,2,602100,Howard County,Maryland,24027602100,21042
2.40E+11,Block Group 3; Census Tract 6021; Howard County; Maryland,19,14,33,33,0,1.00%,0.59%,1.27%,0.23%,10246.86207,0.113833579,2022,3,602100,Howard County,Maryland,24027602100,21042
2.40E+11,Block Group 4; Census Tract 6021; Howard County; Maryland,210,155,365,365,0,11.09%,6.50%,14.09%,2.52%,113336.5047,1.259068369,2022,4,602100,Howard County,Maryland,24027602100,21042
2.40E+11,Block Group 1; Census Tract 6022.01; Howard County; Maryland,22,16,38,38,0,7.24%,3.80%,6.23%,1.92%,59653.46875,0.645843528,2022,1,602201,Howard County,Maryland,24027602201,21042
2.40E+11,Block Group 2; Census Tract 6022.01; Howard County; Maryland,52,38,90,90,0,17.16%,9.00%,14.75%,4.54%,141284.5313,1.529629408,2022,2,602201,Howard County,Maryland,24027602201,21042
2.40E+11,Block Group 1; Census Tract 6022.02; Howard County; Maryland,24,17,41,41,0,3.95%,1.33%,3.19%,1.66%,26272.32975,0.311747749,2022,1,602202,Howard County,Maryland,24027602202,21042
2.40E+11,Block Group 2; Census Tract 6022.02; Howard County; Maryland,21,15,36,36,0,3.47%,1.17%,2.80%,1.46%,23068.3871,0.273729731,2022,2,602202,Howard County,Maryland,24027602202,21042
2.40E+11,Block Group 3; Census Tract 6022.02; Howard County; Maryland,45,33,78,78,0,7.52%,2.53%,6.06%,3.17%,49981.50538,0.593081084,2022,3,602202,Howard County,Maryland,24027602202,21042
2.40E+11,Block Group 4; Census Tract 6022.02; Howard County; Maryland,71,53,124,124,0,11.95%,4.02%,9.64%,5.04%,79457.77778,0.942846851,2022,4,602202,Howard County,Maryland,24027602202,21042
2.40E+11,Block Group 1; Census Tract 6023.02; Howard County; Maryland,13,10,23,23,0,6.07%,1.25%,1.15%,0.49%,12305.55903,0.17460709,2022,1,602302,Howard County,Maryland,24027602302,21045
2.40E+11,Block Group 2; Census Tract 6023.02; Howard County; Maryland,71,53,124,124,0,32.74%,6.77%,6.21%,2.67%,66343.01389,0.941359964,2022,2,602302,Howard County,Maryland,24027602302,21045
2.40E+11,Block Group 3; Census Tract 6023.02; Howard County; Maryland,40,29,69,69,0,18.22%,3.76%,3.46%,1.48%,36916.67708,0.52382127,2022,3,602302,Howard County,Maryland,24027602302,21045
2.40E+11,Block Group 4; Census Tract 6023.02; Howard County; Maryland,41,31,72,72,0,19.01%,3.93%,3.61%,1.55%,38521.75,0.546596108,2022,4,602302,Howard County,Maryland,24027602302,21045
2.40E+11,Block Group 1; Census Tract 6023.03; Howard County; Maryland,33,25,58,58,0,0.90%,2.71%,5.95%,1.40%,56186.60664,0.601079918,2022,1,602303,Howard County,Maryland,24027602303,21042
2.40E+11,Block Group 2; Census Tract 6023.03; Howard County; Maryland,47,34,81,81,0,1.26%,3.78%,8.31%,1.95%,78467.50237,0.839439196,2022,2,602303,Howard County,Maryland,24027602303,21042
2.40E+11,Block Group 3; Census Tract 6023.03; Howard County; Maryland,41,31,72,72,0,1.12%,3.36%,7.39%,1.73%,69748.891,0.746168174,2022,3,602303,Howard County,Maryland,24027602303,21042
2.40E+11,Block Group 1; Census Tract 6023.04; Howard County; Maryland,61,46,107,107,0,21.24%,6.40%,11.50%,3.54%,102911.2694,1.207055123,2022,1,602304,Howard County,Maryland,24027602304,21042
2.40E+11,Block Group 2; Census Tract 6023.04; Howard County; Maryland,25,18,43,43,0,8.54%,2.57%,4.62%,1.42%,41356.86528,0.485078227,2022,2,602304,Howard County,Maryland,24027602304,21042
2.40E+11,Block Group 3; Census Tract 6023.04; Howard County; Maryland,25,18,43,43,0,8.54%,2.57%,4.62%,1.42%,41356.86528,0.485078227,2022,3,602304,Howard County,Maryland,24027602304,21042
2.40E+11,Block Group 1; Census Tract 6023.05; Howard County; Maryland,18,14,32,32,0,5.68%,3.03%,4.93%,1.46%,47419.35484,0.563791889,2022,1,602305,Howard County,Maryland,24027602305,21042
2.40E+11,Block Group 2; Census Tract 6023.05; Howard County; Maryland,53,39,92,92,0,16.32%,8.72%,14.18%,4.19%,136330.6452,1.620901682,2022,2,602305,Howard County,Maryland,24027602305,21042
2.40E+11,Block Group 1; Census Tract 6023.06; Howard County; Maryland,115,85,200,200,0,28.03%,9.24%,8.81%,8.68%,72024.07407,1.28368397,2022,1,602306,Howard County,Maryland,24027602306,21042
2.40E+11,Block Group 2; Census Tract 6023.06; Howard County; Maryland,36,27,63,63,0,8.83%,2.91%,2.78%,2.73%,22687.58333,0.40436045,2022,2,602306,Howard County,Maryland,24027602306,21042
2.40E+11,Block Group 3; Census Tract 6023.06; Howard County; Maryland,35,26,61,61,0,8.55%,2.82%,2.69%,2.65%,21967.34259,0.391523611,2022,3,602306,Howard County,Maryland,24027602306,21042
2.40E+11,Block Group 1; Census Tract 6026; Howard County; Maryland,48,35,83,83,0,16.53%,2.73%,3.50%,4.20%,12968.83267,0.327187969,2022,1,602600,Howard County,Maryland,24027602600,21043
2.40E+11,Block Group 2; Census Tract 6026; Howard County; Maryland,0,0,0,0,0,0.00%,0.00%,0.00%,0.00%,0,0,2022,2,602600,Howard County,Maryland,24027602600,21043
2.40E+11,Block Group 3; Census Tract 6026; Howard County; Maryland,51,38,89,89,0,17.73%,2.93%,3.75%,4.51%,13906.33865,0.350840112,2022,3,602600,Howard County,Maryland,24027602600,21043
2.40E+11,Block Group 4; Census Tract 6026; Howard County; Maryland,189,141,330,330,0,65.74%,10.87%,13.91%,16.71%,51562.82869,1.30086783,2022,4,602600,Howard County,Maryland,24027602600,21043
2.40E+11,Block Group 1; Census Tract 6027; Howard County; Maryland,56,42,98,98,0,17.54%,6.61%,10.18%,1.77%,92458.14851,1.068859355,2022,1,602700,Howard County,Maryland,24027602700,21043
2.40E+11,Block Group 2; Census Tract 6027; Howard County; Maryland,60,44,104,104,0,18.61%,7.01%,10.80%,1.88%,98118.85149,1.134299724,2022,2,602700,Howard County,Maryland,24027602700,21043
2.40E+11,Block Group 1; Census Tract 6028; Howard County; Maryland,54,40,94,94,0,30.25%,3.62%,8.12%,7.48%,52048.82813,0.727412373,2022,1,602800,Howard County,Maryland,24027602800,21043
2.40E+11,Block Group 2; Census Tract 6028; Howard County; Maryland,0,0,0,0,0,0.00%,0.00%,0.00%,0.00%,0,0,2022,2,602800,Howard County,Maryland,24027602800,21043
2.40E+11,Block Group 3; Census Tract 6028; Howard County; Maryland,93,69,162,162,0,52.13%,6.24%,13.99%,12.90%,89701.17188,1.253625579,2022,3,602800,Howard County,Maryland,24027602800,21043
2.40E+11,Block Group 1; Census Tract 6029; Howard County; Maryland,56,42,98,98,0,22.89%,9.40%,7.27%,6.56%,44772.59434,0.97419178,2022,1,602900,Howard County,Maryland,24027602900,21043
2.40E+11,Block Group 2; Census Tract 6029; Howard County; Maryland,65,49,114,114,0,26.63%,10.94%,8.46%,7.63%,52082.40566,1.133243499,2022,2,602900,Howard County,Maryland,24027602900,21043
2.40E+11,Block Group 3; Census Tract 6029; Howard County; Maryland,0,0,0,0,0,0.00%,0.00%,0.00%,0.00%,0,0,2022,3,602900,Howard County,Maryland,24027602900,21043
2.40E+11,Block Group 1; Census Tract 6030.01; Howard County; Maryland,5,4,9,9,0,1.19%,1.00%,0.66%,0.48%,6005.109375,0.100989066,2022,1,603001,Howard County,Maryland,24027603001,21163
2.40E+11,Block Group 2; Census Tract 6030.01; Howard County; Maryland,47,34,81,81,0,10.73%,9.02%,5.90%,4.31%,54045.98438,0.90890159,2022,2,603001,Howard County,Maryland,24027603001,21163
2.40E+11,Block Group 3; Census Tract 6030.01; Howard County; Maryland,59,43,102,102,0,13.52%,11.36%,7.43%,5.43%,68057.90625,1.144542743,2022,3,603001,Howard County,Maryland,24027603001,21163
2.40E+11,Block Group 1; Census Tract 6030.03; Howard County; Maryland,110,82,192,192,0,8.81%,17.18%,21.48%,1.61%,111178.8079,1.408360123,2022,1,603003,Howard County,Maryland,24027603003,21738
2.40E+11,Block Group 2; Census Tract 6030.03; Howard County; Maryland,63,47,110,110,0,5.05%,9.84%,12.31%,0.92%,63696.19205,0.806872987,2022,2,603003,Howard County,Maryland,24027603003,21738
2.40E+11,Block Group 1; Census Tract 6030.04; Howard County; Maryland,67,50,117,117,0,3.75%,7.13%,12.20%,3.53%,70216.08247,0.859717292,2022,1,603004,Howard County,Maryland,24027603004,21042
2.40E+11,Block Group 2; Census Tract 6030.04; Howard County; Maryland,73,55,128,128,0,4.10%,7.80%,13.35%,3.87%,76817.5945,0.940545413,2022,2,603004,Howard County,Maryland,24027603004,21042
2.40E+11,Block Group 3; Census Tract 6030.04; Howard County; Maryland,26,20,46,46,0,1.48%,2.80%,4.80%,1.39%,27606.32302,0.338008508,2022,3,603004,Howard County,Maryland,24027603004,21042
2.40E+11,Block Group 1; Census Tract 6040.01; Howard County; Maryland,57,43,100,100,0,0.00%,6.34%,6.81%,2.56%,53619.40299,0.647244644,2022,1,604001,Howard County,Maryland,24027604001,21723
2.40E+11,Block Group 2; Census Tract 6040.01; Howard County; Maryland,0,0,0,0,0,0.00%,0.00%,0.00%,0.00%,0,0,2022,2,604001,Howard County,Maryland,24027604001,21723
2.40E+11,Block Group 3; Census Tract 6040.01; Howard County; Maryland,135,100,235,235,0,0.00%,14.91%,16.00%,6.03%,126005.597,1.521024912,2022,3,604001,Howard County,Maryland,24027604001,21723
2.40E+11,Block Group 1; Census Tract 6040.03; Howard County; Maryland,106,78,184,184,0,25.61%,17.99%,17.26%,5.11%,138219.9024,1.361826996,2022,1,604003,Howard County,Maryland,24027604003,
2.40E+11,Block Group 2; Census Tract 6040.03; Howard County; Maryland,8,6,14,14,0,1.95%,1.37%,1.31%,0.39%,10516.73171,0.103617271,2022,2,604003,Howard County,Maryland,24027604003,
2.40E+11,Block Group 3; Census Tract 6040.03; Howard County; Maryland,51,38,89,89,0,12.39%,8.70%,8.35%,2.47%,66856.36585,0.658709797,2022,3,604003,Howard County,Maryland,24027604003,
2.40E+11,Block Group 1; Census Tract 6040.04; Howard County; Maryland,21,15,36,36,0,1.74%,3.40%,3.26%,1.50%,39130.5913,0.33747841,2022,1,604004,Howard County,Maryland,24027604004,
2.40E+11,Block Group 2; Census Tract 6040.04; Howard County; Maryland,111,83,194,194,0,9.40%,18.33%,17.59%,8.08%,210870.4087,1.818633655,2022,2,604004,Howard County,Maryland,24027604004,
2.40E+11,Block Group 1; Census Tract 6051.03; Howard County; Maryland,49,37,86,86,0,8.04%,7.86%,9.63%,1.05%,103444.9551,1.07295446,2022,1,605103,Howard County,Maryland,24027605103,21036
2.40E+11,Block Group 2; Census Tract 6051.03; Howard County; Maryland,53,39,92,92,0,8.60%,8.41%,10.31%,1.13%,110662.0449,1.147811748,2022,2,605103,Howard County,Maryland,24027605103,21036
2.40E+11,Block Group 1; Census Tract 6051.04; Howard County; Maryland,60,44,104,104,0,12.14%,4.89%,9.94%,1.71%,79234.10687,0.870157982,2022,1,605104,Howard County,Maryland,24027605104,21029
2.40E+11,Block Group 2; Census Tract 6051.04; Howard County; Maryland,91,67,158,158,0,18.45%,7.43%,15.11%,2.59%,120374.8931,1.32197078,2022,2,605104,Howard County,Maryland,24027605104,21029
2.40E+11,Block Group 1; Census Tract 6051.05; Howard County; Maryland,158,117,275,275,0,11.55%,4.71%,13.81%,0.47%,118908.5953,1.211201851,2022,1,605105,Howard County,Maryland,24027605105,
2.40E+11,Block Group 2; Census Tract 6051.05; Howard County; Maryland,10,7,17,17,0,0.71%,0.29%,0.85%,0.03%,7350.713163,0.074874296,2022,2,605105,Howard County,Maryland,24027605105,
2.40E+11,Block Group 3; Census Tract 6051.05; Howard County; Maryland,125,92,217,217,0,9.11%,3.72%,10.90%,0.37%,93829.69155,0.955748369,2022,3,605105,Howard County,Maryland,24027605105,
2.40E+11,Block Group 1; Census Tract 6051.06; Howard County; Maryland,28,20,48,48,0,2.54%,2.30%,2.61%,0.81%,41230.70769,0.402527819,2022,1,605106,Howard County,Maryland,24027605106,
2.40E+11,Block Group 2; Census Tract 6051.06; Howard County; Maryland,122,90,212,212,0,11.20%,10.17%,11.55%,3.58%,182102.2923,1.777831202,2022,2,605106,Howard County,Maryland,24027605106,
2.40E+11,Block Group 1; Census Tract 6054.01; Howard County; Maryland,24,17,41,41,0,6.20%,2.37%,2.11%,1.85%,14318.18729,0.28708574,2022,1,605401,Howard County,Maryland,24027605401,21044
2.40E+11,Block Group 2; Census Tract 6054.01; Howard County; Maryland,26,20,46,46,0,6.96%,2.66%,2.37%,2.08%,16064.30769,0.322096196,2022,2,605401,Howard County,Maryland,24027605401,21044
2.40E+11,Block Group 3; Census Tract 6054.01; Howard County; Maryland,33,25,58,58,0,8.77%,3.35%,2.98%,2.62%,20254.99666,0.406121291,2022,3,605401,Howard County,Maryland,24027605401,21044
2.40E+11,Block Group 4; Census Tract 6054.01; Howard County; Maryland,88,66,154,154,0,23.29%,8.90%,7.92%,6.95%,53780.50836,1.078322049,2022,4,605401,Howard County,Maryland,24027605401,21044
2.40E+11,Block Group 1; Census Tract 6054.03; Howard County; Maryland,57,43,100,100,0,71.43%,13.91%,12.93%,19.39%,78254.28571,1.355075142,2022,1,605403,Howard County,Maryland,24027605403,
2.40E+11,Block Group 2; Census Tract 6054.03; Howard County; Maryland,23,17,40,40,0,28.57%,5.56%,5.17%,7.76%,31301.71429,0.542030057,2022,2,605403,Howard County,Maryland,24027605403,
2.40E+11,Block Group 1; Census Tract 6054.04; Howard County; Maryland,0,0,0,0,0,0.00%,0.00%,0.00%,0.00%,0,0,2022,1,605404,Howard County,Maryland,24027605404,
2.40E+11,Block Group 2; Census Tract 6054.04; Howard County; Maryland,10,7,17,17,0,54.84%,8.30%,7.96%,5.81%,60175.6129,1.137014494,2022,2,605404,Howard County,Maryland,24027605404,
2.40E+11,Block Group 3; Census Tract 6054.04; Howard County; Maryland,8,6,14,14,0,45.16%,6.84%,6.55%,4.79%,49556.3871,0.936364878,2022,3,605404,Howard County,Maryland,24027605404,
2.40E+11,Block Group 1; Census Tract 6055.02; Howard County; Maryland,59,44,103,103,0,28.38%,12.76%,15.78%,6.76%,66218.4898,1.1134862,2022,1,605502,Howard County,Maryland,24027605502,21044
2.40E+11,Block Group 2; Census Tract 6055.02; Howard County; Maryland,0,0,0,0,0,0.00%,0.00%,0.00%,0.00%,0,0,2022,2,605502,Howard County,Maryland,24027605502,21044
2.40E+11,Block Group 3; Census Tract 6055.02; Howard County; Maryland,53,40,93,93,0,25.62%,11.52%,14.25%,6.11%,59789.5102,1.005380744,2022,3,605502,Howard County,Maryland,24027605502,21044
2.40E+11,Block Group 1; Census Tract 6055.03; Howard County; Maryland,95,71,166,166,0,46.11%,7.54%,8.71%,10.30%,46431.12222,0.894150904,2022,1,605503,Howard County,Maryland,24027605503,21044
2.40E+11,Block Group 2; Census Tract 6055.03; Howard County; Maryland,0,0,0,0,0,0.00%,0.00%,0.00%,0.00%,0,0,2022,2,605503,Howard County,Maryland,24027605503,21044
2.40E+11,Block Group 3; Census Tract 6055.03; Howard County; Maryland,66,49,115,115,0,31.94%,5.22%,6.04%,7.13%,32166.13889,0.619441891,2022,3,605503,Howard County,Maryland,24027605503,21044
2.40E+11,Block Group 4; Census Tract 6055.03; Howard County; Maryland,45,34,79,79,0,21.94%,3.59%,4.15%,4.90%,22096.73889,0.425529647,2022,4,605503,Howard County,Maryland,24027605503,21044
2.40E+11,Block Group 1; Census Tract 6055.04; Howard County; Maryland,29,21,50,50,0,0.00%,16.15%,17.79%,0.79%,250001,2.236262683,2022,1,605504,Howard County,Maryland,24027605504,21044
2.40E+11,Block Group 1; Census Tract 6055.05; Howard County; Maryland,33,25,58,58,0,9.12%,2.41%,5.61%,1.11%,56201.77519,0.497705758,2022,1,605505,Howard County,Maryland,24027605505,21029
2.40E+11,Block Group 2; Census Tract 6055.05; Howard County; Maryland,18,14,32,32,0,5.03%,1.33%,3.10%,0.61%,31007.87597,0.27459628,2022,2,605505,Howard County,Maryland,24027605505,21029
2.40E+11,Block Group 3; Census Tract 6055.05; Howard County; Maryland,96,72,168,168,0,26.43%,6.98%,16.26%,3.22%,162791.3488,1.44163047,2022,3,605505,Howard County,Maryland,24027605505,21029
2.40E+11,Block Group 1; Census Tract 6056.01; Howard County; Maryland,32,24,56,56,0,14.21%,3.27%,2.76%,2.54%,17962.49746,0.285086494,2022,1,605601,Howard County,Maryland,24027605601,21044
2.40E+11,Block Group 2; Census Tract 6056.01; Howard County; Maryland,88,65,153,153,0,38.83%,8.92%,7.53%,6.95%,49076.10914,0.778897027,2022,2,605601,Howard County,Maryland,24027605601,21044
2.40E+11,Block Group 3; Census Tract 6056.01; Howard County; Maryland,11,9,20,20,0,5.08%,1.17%,0.98%,0.91%,6415.177665,0.101816605,2022,3,605601,Howard County,Maryland,24027605601,21044
2.40E+11,Block Group 4; Census Tract 6056.01; Howard County; Maryland,95,70,165,165,0,41.88%,9.62%,8.12%,7.49%,52925.21574,0.83998699,2022,4,605601,Howard County,Maryland,24027605601,21044
2.40E+11,Block Group 1; Census Tract 6056.02; Howard County; Maryland,28,20,48,48,0,6.30%,4.08%,3.94%,1.99%,29045.55372,0.42193813,2022,1,605602,Howard County,Maryland,24027605602,21044
2.40E+11,Block Group 2; Census Tract 6056.02; Howard County; Maryland,86,64,150,150,0,19.70%,12.74%,12.32%,6.21%,90767.35537,1.318556657,2022,2,605602,Howard County,Maryland,24027605602,21044
2.40E+11,Block Group 3; Census Tract 6056.02; Howard County; Maryland,9,7,16,16,0,2.10%,1.36%,1.31%,0.66%,9681.85124,0.140646043,2022,3,605602,Howard County,Maryland,24027605602,21044
2.40E+11,Block Group 4; Census Tract 6056.02; Howard County; Maryland,16,12,28,28,0,3.68%,2.38%,2.30%,1.16%,16943.23967,0.246130576,2022,4,605602,Howard County,Maryland,24027605602,21044
2.40E+11,Block Group 5; Census Tract 6056.02; Howard County; Maryland,0,0,0,0,0,0.00%,0.00%,0.00%,0.00%,0,0,2022,5,605602,Howard County,Maryland,24027605602,21044
2.40E+11,Block Group 1; Census Tract 6066.01; Howard County; Maryland,170,126,296,296,0,20.00%,23.73%,10.84%,6.07%,150000,2.170749264,2022,1,606601,Howard County,Maryland,24027606601,21045
2.40E+11,Block Group 1; Census Tract 6066.03; Howard County; Maryland,142,105,247,247,0,28.00%,7.68%,7.95%,11.16%,35860.28968,0.743792761,2022,1,606603,Howard County,Maryland,24027606603,21045
2.40E+11,Block Group 2; Census Tract 6066.03; Howard County; Maryland,35,26,61,61,0,6.91%,1.90%,1.96%,2.76%,8856.1849,0.18368971,2022,2,606603,Howard County,Maryland,24027606603,21045
2.40E+11,Block Group 3; Census Tract 6066.03; Howard County; Maryland,69,51,120,120,0,13.60%,3.73%,3.86%,5.42%,17422.00308,0.361356807,2022,3,606603,Howard County,Maryland,24027606603,21045
2.40E+11,Block Group 4; Census Tract 6066.03; Howard County; Maryland,127,94,221,221,0,25.05%,6.88%,7.11%,9.98%,32085.52234,0.665498786,2022,4,606603,Howard County,Maryland,24027606603,21045
2.40E+11,Block Group 1; Census Tract 6066.04; Howard County; Maryland,123,91,214,214,0,41.89%,11.36%,6.13%,8.18%,62067.96279,0.989340521,2022,1,606604,Howard County,Maryland,24027606604,21045
2.40E+11,Block Group 2; Census Tract 6066.04; Howard County; Maryland,124,92,216,216,0,42.28%,11.47%,6.19%,8.25%,62648.03721,0.998586694,2022,2,606604,Howard County,Maryland,24027606604,21045
2.40E+11,Block Group 1; Census Tract 6066.06; Howard County; Maryland,122,91,213,213,0,57.88%,11.89%,7.62%,11.07%,60828.86413,1.149629073,2022,1,606606,Howard County,Maryland,24027606606,21045
2.40E+11,Block Group 2; Census Tract 6066.06; Howard County; Maryland,89,66,155,155,0,42.12%,8.65%,5.55%,8.05%,44265.13587,0.836584537,2022,2,606606,Howard County,Maryland,24027606606,21045
2.40E+11,Block Group 1; Census Tract 6066.07; Howard County; Maryland,67,49,116,116,0,25.06%,7.87%,9.17%,6.91%,66280.08856,0.899376474,2022,1,606607,Howard County,Maryland,24027606607,21045
2.40E+11,Block Group 2; Census Tract 6066.07; Howard County; Maryland,64,48,112,112,0,24.20%,7.60%,8.85%,6.67%,63994.56827,0.868363492,2022,2,606607,Howard County,Maryland,24027606607,21045
2.40E+11,Block Group 3; Census Tract 6066.07; Howard County; Maryland,25,18,43,43,0,9.29%,2.92%,3.40%,2.56%,24569.34317,0.333389555,2022,3,606607,Howard County,Maryland,24027606607,21045
2.40E+11,Block Group 1; Census Tract 6067.01; Howard County; Maryland,57,42,99,99,0,61.88%,9.74%,13.85%,10.22%,112535.1563,1.205273994,2022,1,606701,Howard County,Maryland,24027606701,21046
2.40E+11,Block Group 2; Census Tract 6067.01; Howard County; Maryland,35,26,61,61,0,38.13%,6.00%,8.53%,6.30%,69339.84375,0.742643572,2022,2,606701,Howard County,Maryland,24027606701,21046
2.40E+11,Block Group 1; Census Tract 6067.04; Howard County; Maryland,44,32,76,76,0,26.57%,6.87%,7.35%,5.44%,26098.82517,0.535505985,2022,1,606704,Howard County,Maryland,24027606704,21045
2.40E+11,Block Group 2; Census Tract 6067.04; Howard County; Maryland,114,84,198,198,0,69.23%,17.90%,19.15%,14.16%,67994.30769,1.395134015,2022,2,606704,Howard County,Maryland,24027606704,21045
2.40E+11,Block Group 3; Census Tract 6067.04; Howard County; Maryland,7,5,12,12,0,4.20%,1.09%,1.16%,0.86%,4120.867133,0.084553577,2022,3,606704,Howard County,Maryland,24027606704,21045
2.40E+11,Block Group 1; Census Tract 6067.06; Howard County; Maryland,73,55,128,128,0,6.42%,7.27%,8.64%,9.44%,93590.95964,1.198747364,2022,1,606706,Howard County,Maryland,24027606706,21045
2.40E+11,Block Group 2; Census Tract 6067.06; Howard County; Maryland,36,27,63,63,0,3.16%,3.58%,4.25%,4.65%,46064.30045,0.590008468,2022,2,606706,Howard County,Maryland,24027606706,21045
2.40E+11,Block Group 3; Census Tract 6067.06; Howard County; Maryland,18,14,32,32,0,1.60%,1.82%,2.16%,2.36%,23397.73991,0.299686841,2022,3,606706,Howard County,Maryland,24027606706,21045
2.40E+11,Block Group 1; Census Tract 6067.08; Howard County; Maryland,125,92,217,217,0,18.63%,5.71%,5.51%,10.48%,41569.80769,0.767977956,2022,1,606708,Howard County,Maryland,24027606708,
2.40E+11,Block Group 2; Census Tract 6067.08; Howard County; Maryland,46,34,80,80,0,6.87%,2.10%,2.03%,3.86%,15325.27473,0.283125514,2022,2,606708,Howard County,Maryland,24027606708,
2.40E+11,Block Group 3; Census Tract 6067.08; Howard County; Maryland,143,106,249,249,0,21.37%,6.55%,6.32%,12.02%,47699.91758,0.881228161,2022,3,606708,Howard County,Maryland,24027606708,
2.40E+11,Block Group 1; Census Tract 6068.03; Howard County; Maryland,64,48,112,112,0,15.70%,5.22%,2.63%,1.66%,26632.46869,0.488039798,2022,1,606803,Howard County,Maryland,24027606803,21046
2.40E+11,Block Group 2; Census Tract 6068.03; Howard County; Maryland,11,9,20,20,0,2.80%,0.93%,0.47%,0.30%,4755.79798,0.087149964,2022,2,606803,Howard County,Maryland,24027606803,21046
2.40E+11,Block Group 3; Census Tract 6068.03; Howard County; Maryland,83,62,145,145,0,20.33%,6.76%,3.40%,2.14%,34479.53535,0.631837239,2022,3,606803,Howard County,Maryland,24027606803,21046
2.40E+11,Block Group 4; Census Tract 6068.03; Howard County; Maryland,104,78,182,182,0,25.51%,8.49%,4.27%,2.69%,43277.76162,0.793064672,2022,4,606803,Howard County,Maryland,24027606803,21046
2.40E+11,Block Group 5; Census Tract 6068.03; Howard County; Maryland,21,15,36,36,0,5.05%,1.68%,0.84%,0.53%,8560.436364,0.156869935,2022,5,606803,Howard County,Maryland,24027606803,21046
2.40E+11,Block Group 1; Census Tract 6068.04; Howard County; Maryland,8,6,14,14,0,0.53%,1.27%,1.41%,0.76%,11640.79,0.149119666,2022,1,606804,Howard County,Maryland,24027606804,21046
2.40E+11,Block Group 2; Census Tract 6068.04; Howard County; Maryland,107,79,186,186,0,7.05%,16.81%,18.79%,10.14%,154656.21,1.981161271,2022,2,606804,Howard County,Maryland,24027606804,21046
2.40E+11,Block Group 1; Census Tract 6068.05; Howard County; Maryland,95,71,166,166,0,27.52%,6.85%,16.09%,3.32%,113822.4516,1.305036953,2022,1,606805,Howard County,Maryland,24027606805,20723
2.40E+11,Block Group 2; Census Tract 6068.05; Howard County; Maryland,38,29,67,67,0,11.11%,2.76%,6.49%,1.34%,45940.3871,0.526731782,2022,2,606805,Howard County,Maryland,24027606805,20723
2.40E+11,Block Group 3; Census Tract 6068.05; Howard County; Maryland,26,20,46,46,0,7.63%,1.90%,4.46%,0.92%,31541.16129,0.361636746,2022,3,606805,Howard County,Maryland,24027606805,20723
2.40E+11,Block Group 1; Census Tract 6068.07; Howard County; Maryland,137,102,239,239,0,18.38%,9.76%,33.98%,2.51%,221442,2.20859696,2022,1,606807,Howard County,Maryland,24027606807,
2.40E+11,Block Group 1; Census Tract 6068.08; Howard County; Maryland,21,16,37,37,0,10.13%,2.54%,2.63%,0.39%,21639.71429,0.272374108,2022,1,606808,Howard County,Maryland,24027606808,
2.40E+11,Block Group 2; Census Tract 6068.08; Howard County; Maryland,89,66,155,155,0,42.43%,10.66%,11.01%,1.65%,90652.85714,1.141026668,2022,2,606808,Howard County,Maryland,24027606808,
2.40E+11,Block Group 3; Census Tract 6068.08; Howard County; Maryland,63,46,109,109,0,29.84%,7.50%,7.74%,1.16%,63749.42857,0.802399399,2022,3,606808,Howard County,Maryland,24027606808,
2.40E+11,Block Group 1; Census Tract 6069.01; Howard County; Maryland,0,0,0,0,0,0.00%,0.00%,0.00%,0.00%,0,0,2022,1,606901,Howard County,Maryland,24027606901,20794
2.40E+11,Block Group 2; Census Tract 6069.01; Howard County; Maryland,20,14,34,34,0,8.96%,2.74%,1.45%,1.68%,9909.556164,0.186939809,2022,2,606901,Howard County,Maryland,24027606901,20794
2.40E+11,Block Group 3; Census Tract 6069.01; Howard County; Maryland,49,37,86,86,0,22.66%,6.92%,3.66%,4.24%,25065.34795,0.472847752,2022,3,606901,Howard County,Maryland,24027606901,20794
2.40E+11,Block Group 4; Census Tract 6069.01; Howard County; Maryland,141,104,245,245,0,64.54%,19.72%,10.43%,12.08%,71407.09589,1.34706627,2022,4,606901,Howard County,Maryland,24027606901,20794
2.40E+11,Block Group 1; Census Tract 6069.04; Howard County; Maryland,94,70,164,164,0,44.99%,10.30%,5.58%,8.67%,64653.84615,1.324491123,2022,1,606904,Howard County,Maryland,24027606904,20723
2.40E+11,Block Group 2; Census Tract 6069.04; Howard County; Maryland,44,33,77,77,0,21.13%,4.84%,2.62%,4.07%,30355.76923,0.621864735,2022,2,606904,Howard County,Maryland,24027606904,20723
2.40E+11,Block Group 3; Census Tract 6069.04; Howard County; Maryland,11,8,19,19,0,5.21%,1.19%,0.65%,1.00%,7490.384615,0.153447142,2022,3,606904,Howard County,Maryland,24027606904,20723
2.40E+11,Block Group 1; Census Tract 6069.05; Howard County; Maryland,9,7,16,16,0,0.60%,0.38%,0.61%,0.48%,3643.488722,0.061230283,2022,1,606905,Howard County,Maryland,24027606905,20794
2.40E+11,Block Group 2; Census Tract 6069.05; Howard County; Maryland,149,111,260,260,0,9.68%,6.19%,9.95%,7.78%,59206.69173,0.994992103,2022,2,606905,Howard County,Maryland,24027606905,20794
2.40E+11,Block Group 3; Census Tract 6069.05; Howard County; Maryland,147,109,256,256,0,9.53%,6.09%,9.79%,7.66%,58295.81955,0.979684532,2022,3,606905,Howard County,Maryland,24027606905,20794
2.40E+11,Block Group 1; Census Tract 6069.06; Howard County; Maryland,72,53,125,125,0,37.43%,11.15%,6.06%,5.95%,42669.53593,0.793251698,2022,1,606906,Howard County,Maryland,24027606906,20723
2.40E+11,Block Group 2; Census Tract 6069.06; Howard County; Maryland,48,36,84,84,0,25.15%,7.49%,4.07%,4.00%,28673.92814,0.533065141,2022,2,606906,Howard County,Maryland,24027606906,20723
2.40E+11,Block Group 3; Census Tract 6069.06; Howard County; Maryland,72,53,125,125,0,37.43%,11.15%,6.06%,5.95%,42669.53593,0.793251698,2022,3,606906,Howard County,Maryland,24027606906,20723
2.40E+11,Block Group 1; Census Tract 6069.07; Howard County; Maryland,71,53,124,124,0,6.97%,5.61%,1.78%,2.49%,16860.06349,0.421098796,2022,1,606907,Howard County,Maryland,24027606907,20723
2.40E+11,Block Group 2; Census Tract 6069.07; Howard County; Maryland,95,70,165,165,0,9.28%,7.47%,2.37%,3.32%,22434.7619,0.560333076,2022,2,606907,Howard County,Maryland,24027606907,20723
2.40E+11,Block Group 3; Census Tract 6069.07; Howard County; Maryland,196,145,341,341,0,19.18%,15.43%,4.90%,6.86%,46365.1746,1.15802169,2022,3,606907,Howard County,Maryland,24027606907,20723
